Delivery_Zone,Distance_km,Delivery_Time_min,Route_Cluster
West,6.67,61.4,0
Central,4.61,43.0,0
East,1.34,5.1,1
Central,4.14,19.9,2
Central,5.57,35.0,0
South,5.11,33.4,0
East,1.62,9.3,1
East,6.82,47.2,0
East,3.42,22.7,1
Central,1.53,7.2,1
West,1.67,5.6,1
East,1.14,9.7,1
Central,5.72,49.0,0
South,1.29,11.0,1
West,1.31,12.7,1
South,6.03,18.5,2
West,2.74,8.6,1
Central,0.7,2.5,1
North,0.84,4.5,1
West,1.42,7.8,1
South,1.89,18.1,1
Central,4.82,29.5,0
West,1.52,4.6,1
North,1.27,11.3,1
North,5.47,48.2,0
East,4.86,25.4,0
East,3.33,31.1,0
South,4.07,26.1,0
West,2.53,16.3,1
West,3.64,34.4,0
East,3.79,19.0,1
West,3.02,20.9,1
West,6.39,42.4,0
North,0.6,4.1,1
East,5.58,44.8,0
Central,1.31,6.4,1
East,5.68,26.2,2
Central,4.5,30.0,0
North,5.98,31.0,0
South,1.13,7.3,1
West,4.13,20.3,2
North,3.76,23.9,1
West,5.09,46.5,0
South,3.97,39.3,0
South,4.01,35.6,0
North,3.29,13.8,2
South,2.51,14.9,1
Central,3.63,24.9,1
South,1.27,6.5,1
West,6.75,27.0,2
West,5.14,22.5,2
West,6.69,30.7,2
West,1.97,8.2,1
Central,6.22,61.1,0
East,5.76,28.1,2
North,4.9,15.3,2
West,4.56,17.3,2
South,2.56,12.9,1
West,5.81,32.9,0
South,3.76,22.8,1
South,0.96,9.4,1
West,2.53,24.5,1
Central,6.58,21.4,2
South,6.03,31.3,0
South,6.88,63.1,0
West,4.58,27.8,0
South,2.11,18.0,1
South,1.56,15.3,1
West,1.71,8.3,1
West,0.63,2.4,1
North,3.04,29.7,1
Central,1.74,6.6,1
Central,3.18,30.1,1
South,6.58,58.9,0
Central,3.3,17.3,1
South,6.21,30.2,2
North,4.44,17.4,2
West,2.11,9.4,1
West,2.81,16.1,1
West,1.05,5.3,1
Central,2.67,13.9,1
North,4.9,19.6,2
Central,0.97,4.2,1
Central,1.84,6.8,1
North,2.98,19.0,1
North,6.88,44.0,0
North,5.6,52.7,0
North,5.27,31.5,0
West,1.26,12.4,1
East,5.58,22.2,2
East,5.6,33.0,0
North,4.41,15.0,2
East,6.94,25.1,2
East,2.61,8.1,1
North,6.62,28.2,2
East,6.45,35.5,0
Central,0.57,2.1,1
South,3.43,32.7,0
South,6.85,38.7,0
North,1.17,4.1,1
West,4.06,21.7,1
North,6.86,65.5,0
West,4.11,13.4,2
South,1.73,15.4,1
North,4.28,17.2,2
Central,1.83,17.2,1
East,3.88,16.6,2
West,0.98,6.5,1
East,4.44,13.7,2
East,3.86,21.6,1
North,5.31,18.9,2
East,4.6,15.1,2
Central,4.07,34.9,0
East,4.98,42.9,0
North,1.44,13.0,1
Central,4.37,18.9,2
South,1.62,6.1,1
East,6.52,28.9,2
North,0.94,5.3,1
South,3.3,18.4,1
South,5.02,20.5,2
West,3.48,28.0,1
Central,1.1,9.0,1
East,4.1,36.2,0
North,4.67,22.8,2
West,5.07,47.9,0
Central,2.93,9.3,1
West,4.16,27.8,0
Central,3.43,32.5,0
Central,4.87,30.3,0
East,4.29,41.4,0
Central,3.92,14.9,2
West,2.12,7.3,1
Central,0.51,2.1,1
East,1.63,6.7,1
East,1.26,11.4,1
West,3.42,21.0,1
South,4.48,21.9,2
South,1.89,18.5,1
Central,6.6,44.6,0
North,0.54,2.5,1
Central,5.52,38.0,0
West,4.56,14.6,2
West,2.93,16.2,1
West,0.83,5.0,1
West,4.58,21.5,2
West,3.01,27.1,1
East,6.59,42.8,0
South,4.02,13.2,2
West,6.61,36.4,0
North,1.93,12.5,1
North,5.22,43.5,0
North,4.51,25.7,0
North,5.31,29.4,0
East,1.9,7.0,1
North,4.82,21.3,2
West,3.74,32.7,0
Central,5.33,32.6,0
North,2.63,13.7,1
East,6.29,41.6,0
East,1.05,9.2,1
North,5.75,36.2,0
Central,6.1,27.1,2
North,5.81,48.9,0
East,3.83,18.3,2
South,3.35,14.2,2
West,6.98,61.8,0
East,1.99,6.7,1
North,4.05,27.9,0
West,4.86,46.2,0
North,5.06,17.3,2
North,1.83,10.4,1
South,4.75,31.4,0
West,5.82,25.6,2
West,0.83,5.4,1
South,6.42,57.0,0
East,0.69,3.1,1
North,2.81,16.2,1
Central,0.6,3.3,1
North,1.0,4.3,1
North,6.42,31.8,2
East,2.81,10.2,1
North,3.26,12.8,2
South,1.9,17.8,1
South,4.38,17.9,2
West,4.37,42.3,0
Central,2.92,27.8,1
North,2.66,8.3,1
North,6.25,62.5,0
East,2.99,13.5,1
South,3.71,17.5,2
Central,2.34,14.7,1
West,5.61,26.4,2
South,3.08,16.1,1
West,3.84,33.4,0
East,2.15,14.5,1
East,6.92,58.2,0
North,2.39,7.5,1
Central,5.51,52.8,0
West,3.28,31.7,0
South,1.84,6.1,1
East,5.7,55.3,0
North,2.67,11.7,1
North,6.12,37.0,0
West,6.45,30.1,2
East,6.09,23.4,2
Central,0.73,6.1,1
East,5.62,31.3,0
West,3.17,12.7,1
West,6.18,37.5,0
East,4.65,30.7,0
West,5.92,56.7,0
East,3.75,15.6,2
South,3.98,38.1,0
East,1.44,4.9,1
East,5.6,28.6,0
West,3.23,15.3,2
West,3.75,11.8,2
North,5.6,30.8,0
North,4.39,28.1,0
South,1.81,6.9,1
North,4.34,42.3,0
East,3.15,11.3,1
West,3.55,17.8,1
North,0.68,5.8,1
North,1.87,11.5,1
South,2.33,13.4,1
South,5.13,46.5,0
East,0.57,3.8,1
West,3.16,21.6,1
South,6.51,36.0,0
North,1.23,7.3,1
West,3.86,23.5,1
West,5.61,38.7,0
North,6.63,46.4,0
South,5.35,29.3,0
North,5.18,33.4,0
West,5.87,22.0,2
Central,3.4,10.3,2
Central,5.74,28.8,0
East,0.55,2.2,1
North,6.51,58.4,0
North,3.38,10.3,2
East,4.1,26.1,0
East,2.16,12.1,1
East,5.33,22.0,2
West,1.0,5.6,1
North,6.17,51.4,0
West,5.88,51.8,0
East,1.9,10.4,1
North,5.76,52.2,0
West,5.61,47.1,0
West,4.61,18.5,2
East,2.93,24.4,1
North,2.26,9.8,1
East,2.01,13.1,1
North,2.57,8.3,1
Central,6.37,37.8,0
South,1.0,5.1,1
South,5.89,36.5,0
South,2.77,15.3,1
East,3.89,23.6,1
Central,5.66,22.8,2
North,6.25,42.8,0
West,2.74,24.9,1
North,3.5,32.1,0
West,3.19,18.5,1
North,0.59,5.8,1
Central,2.42,11.0,1
West,3.48,12.4,2
East,3.17,21.2,1
North,5.19,30.4,0
North,3.0,20.0,1
West,3.68,35.5,0
East,3.29,27.6,1
East,5.31,23.4,2
Central,6.11,52.4,0
East,3.96,14.2,2
East,5.63,48.4,0
East,2.43,10.8,1
South,4.02,21.9,1
Central,2.74,21.9,1
North,3.19,14.1,2
West,5.26,43.9,0
North,6.23,32.5,0
Central,1.29,4.5,1
West,4.63,40.6,0
Central,4.28,38.3,0
East,1.27,6.5,1
West,1.88,13.0,1
East,2.52,11.2,1
North,1.59,13.7,1
North,2.08,18.0,1
West,2.24,13.2,1
West,2.68,16.8,1
Central,5.37,17.7,2
Central,4.22,35.4,0
East,6.91,67.2,0
West,3.2,11.2,1
North,5.4,20.3,2
Central,6.16,41.5,0
Central,4.91,31.1,0
North,3.18,11.7,1
Central,5.4,23.6,2
East,1.82,14.6,1
West,2.63,11.8,1
North,4.05,16.1,2
West,4.24,40.8,0
Central,0.64,3.1,1
Central,6.64,45.5,0
North,5.03,34.3,0
East,3.72,33.6,0
South,6.57,24.4,2
North,3.35,19.9,1
South,6.87,43.8,0
South,3.83,25.9,0
East,1.24,6.7,1
South,5.47,26.5,2
South,4.91,22.7,2
East,5.52,27.4,2
South,6.68,31.8,2
South,5.55,30.9,0
South,4.47,36.7,0
North,6.07,49.9,0
North,4.88,27.2,0
North,3.15,19.6,1
East,6.26,60.2,0
Central,1.94,19.0,1
South,5.15,32.2,0
South,6.23,31.2,0
East,5.25,17.7,2
South,5.03,16.1,2
North,5.39,47.0,0
Central,3.52,21.1,1
West,6.18,50.0,0
South,1.82,6.7,1
North,1.33,4.5,1
West,2.36,21.9,1
Central,3.96,15.6,2
West,3.82,22.9,1
North,5.83,51.6,0
West,3.13,21.6,1
East,3.65,19.8,1
West,0.59,2.4,1
South,3.16,20.5,1
South,4.71,42.9,0
East,0.6,4.1,1
North,2.33,13.4,1
South,1.85,11.0,1
Central,0.77,4.0,1
South,3.62,22.5,1
South,1.68,6.0,1
North,5.33,44.3,0
West,6.01,24.6,2
South,4.05,36.7,0
East,6.88,56.1,0
West,3.43,32.2,0
Central,3.84,35.5,0
North,6.93,58.1,0
Central,2.01,11.9,1
West,6.63,29.4,2
West,0.78,3.2,1
West,3.4,19.7,1
Central,0.96,8.3,1
West,5.24,22.1,2
Central,4.45,30.6,0
West,5.09,32.3,0
East,2.93,9.2,1
West,2.9,11.4,1
Central,0.79,7.7,1
South,2.77,22.7,1
West,6.54,32.6,2
South,2.96,29.3,1
East,5.9,30.4,0
North,5.98,59.0,0
East,2.93,25.6,1
West,4.61,30.8,0
South,1.12,9.9,1
South,1.17,6.9,1
Central,0.82,7.6,1
South,4.28,19.5,2
Central,3.27,26.4,1
North,4.06,17.0,2
West,3.89,13.1,2
Central,2.78,10.3,1
North,4.9,18.1,2
South,5.43,21.4,2
South,0.6,3.4,1
North,1.85,9.6,1
South,5.14,27.2,0
North,3.01,9.2,1
Central,4.81,43.0,0
Central,2.76,19.1,1
North,3.04,25.0,1
Central,1.53,15.1,1
Central,2.18,9.7,1
Central,4.44,19.0,2
East,3.32,14.2,2
West,5.53,36.8,0
South,6.04,19.4,2
East,4.02,24.2,0
Central,5.43,34.7,0
North,2.49,15.4,1
Central,3.2,21.3,1
West,5.13,16.1,2
Central,3.01,19.2,1
North,4.33,17.6,2
West,1.7,6.4,1
Central,4.4,25.0,0
West,6.1,25.9,2
South,6.15,60.2,0
South,5.21,20.8,2
Central,5.35,24.9,2
West,4.13,24.0,0
North,4.3,22.4,0
Central,1.37,4.3,1
South,3.39,17.3,1
South,3.43,30.0,0
Central,6.73,58.4,0
West,3.3,21.2,1
South,4.07,18.3,2
West,3.97,32.2,0
South,4.64,39.2,0
South,5.36,19.0,2
East,1.96,11.9,1
South,3.94,32.7,0
North,5.87,19.2,2
Central,3.51,17.2,2
Central,2.31,22.2,1
West,4.76,25.5,0
South,5.85,51.6,0
North,0.91,3.4,1
West,5.55,53.2,0
East,5.84,35.2,0
West,3.5,11.4,2
West,6.89,44.6,0
South,5.61,49.3,0
East,5.53,47.1,0
West,5.36,30.8,0
North,1.48,13.3,1
North,1.91,10.9,1
Central,3.52,29.9,0
East,2.22,12.9,1
East,3.2,16.1,1
Central,6.28,28.5,2
West,5.86,19.6,2
East,4.6,23.4,0
North,6.08,56.6,0
North,5.59,53.4,0
South,3.29,31.7,0
East,1.81,10.8,1
West,3.84,20.8,1
Central,5.29,34.2,0
Central,3.34,21.4,1
West,4.83,16.9,2
South,1.11,7.6,1
Central,5.36,44.0,0
East,5.78,28.7,2
South,5.09,49.5,0
East,6.79,43.3,0
North,5.87,28.6,2
South,6.37,41.1,0
Central,6.57,22.2,2
South,5.71,50.7,0
South,4.88,25.1,0
South,0.54,3.1,1
South,3.53,15.8,2
East,4.21,15.9,2
North,2.48,14.0,1
West,2.57,10.8,1
South,6.75,45.5,0
Central,6.3,19.5,2
South,6.02,52.8,0
Central,3.14,10.4,1
East,0.59,5.5,1
Central,1.02,3.3,1
West,2.53,11.0,1
North,0.6,3.3,1
Central,0.61,2.1,1
Central,6.46,31.5,2
North,5.09,40.9,0
West,2.51,9.7,1
South,1.36,6.9,1
Central,3.83,34.3,0
North,0.53,3.2,1
East,6.6,37.2,0
North,3.2,16.8,1
East,3.12,17.9,1
West,3.04,28.4,1
South,0.95,4.3,1
North,4.65,28.2,0
Central,5.26,48.3,0
West,4.89,26.4,0
North,1.4,5.0,1
Central,4.26,35.5,0
North,4.2,35.7,0
East,6.14,21.2,2
North,2.96,26.8,1
North,2.91,12.0,1
North,4.52,44.7,0
West,4.61,38.7,0
North,3.55,15.2,2
Central,3.38,15.7,2
East,3.71,33.8,0
East,6.1,51.9,0
North,3.5,12.3,2
West,6.61,20.3,2
West,3.78,32.5,0
Central,6.67,63.3,0
North,5.91,47.8,0
East,2.86,9.8,1
West,6.11,57.5,0
North,1.22,8.0,1
West,6.51,25.5,2
West,4.61,43.3,0
East,0.85,3.2,1
South,4.69,24.9,0
Central,6.83,25.9,2
Central,0.95,8.7,1
East,4.11,28.3,0
West,5.36,27.5,0
North,5.77,52.0,0
West,3.19,27.6,1
East,1.83,16.5,1
Central,0.78,2.4,1
West,4.27,15.5,2
Central,3.44,16.0,2
North,6.67,60.7,0
Central,0.89,7.9,1
Central,4.96,17.7,2
South,0.66,3.7,1
South,1.61,6.1,1
South,3.45,23.0,1
Central,3.46,34.4,0
East,4.96,44.0,0
Central,6.42,24.3,2
East,4.65,21.8,2
East,6.7,59.3,0
South,6.23,25.6,2
West,4.3,36.4,0
North,5.92,56.2,0
South,4.68,28.4,0
South,1.01,4.7,1
West,5.31,50.8,0
North,1.12,3.8,1
Central,4.36,28.0,0
Central,5.07,33.5,0
South,0.93,3.4,1
North,2.0,6.7,1
South,6.45,51.6,0
East,4.51,26.6,0
South,2.1,12.0,1
South,4.99,30.5,0
Central,4.38,14.8,2
Central,3.76,36.5,0
Central,6.85,24.1,2
East,4.94,17.1,2
Central,2.94,11.6,1
North,5.7,51.3,0
West,6.25,21.4,2
North,1.31,7.3,1
North,1.8,9.6,1
Central,1.91,12.3,1
West,4.99,47.6,0
West,4.42,17.3,2
West,4.52,42.6,0
East,6.62,29.6,2
Central,5.54,29.2,0
West,1.33,6.6,1
East,2.76,12.8,1
South,3.33,11.4,2
South,3.07,25.7,1
East,4.85,15.8,2
East,6.3,20.6,2
Central,2.49,11.2,1
Central,4.09,36.6,0
South,5.63,53.9,0
West,3.21,30.5,1
South,1.59,6.7,1
West,3.59,22.9,1
West,0.86,4.3,1
Central,6.63,37.3,0
North,0.99,4.2,1
North,3.35,16.8,1
East,3.94,20.0,1
Central,6.9,46.3,0
West,1.58,6.9,1
North,1.24,6.9,1
West,0.56,3.6,1
North,1.51,6.9,1
North,1.85,15.9,1
North,4.6,23.3,0
Central,1.93,19.0,1
South,0.63,3.6,1
West,5.87,18.9,2
Central,2.88,25.9,1
Central,2.8,26.7,1
Central,2.47,20.9,1
Central,6.84,58.4,0
Central,1.61,8.8,1
East,6.34,44.3,0
West,5.55,46.6,0
Central,1.0,6.2,1
West,6.91,68.1,0
East,2.26,18.7,1
East,1.14,5.6,1
West,5.89,58.3,0
North,5.09,34.5,0
South,4.51,38.0,0
North,1.51,6.4,1
North,3.61,23.5,1
North,5.57,27.7,2
Central,2.47,8.3,1
East,2.53,24.1,1
North,0.52,1.9,1
East,1.63,5.5,1
West,6.19,36.2,0
South,3.37,15.5,2
West,6.9,61.6,0
West,3.07,27.9,1
Central,5.15,51.5,0
South,2.33,8.8,1
West,2.86,17.8,1
West,1.74,15.2,1
South,2.76,10.4,1
South,4.06,38.1,0
West,6.95,68.6,0
South,4.82,29.3,0
West,1.8,17.2,1
West,0.79,4.1,1
Central,1.32,4.5,1
North,4.16,37.5,0
West,5.47,16.6,2
East,6.61,23.2,2
North,0.6,2.4,1
North,3.9,31.3,0
North,3.56,19.7,1
Central,4.76,43.0,0
West,4.14,17.2,2
Central,4.97,34.1,0
West,4.78,20.5,2
Central,1.26,7.3,1
Central,5.7,56.2,0
East,1.3,8.5,1
Central,5.04,42.3,0
South,3.2,10.4,1
East,3.84,24.4,1
Central,6.37,26.2,2
North,6.28,41.3,0
South,5.82,55.2,0
South,3.82,23.9,1
South,5.29,36.9,0
East,3.83,34.7,0
Central,6.15,50.6,0
Central,3.12,30.1,1
North,6.81,37.5,0
North,6.56,29.9,2
South,5.32,36.8,0
North,2.32,14.8,1
East,1.36,5.7,1
Central,6.06,54.1,0
South,1.57,9.0,1
North,6.05,22.4,2
East,3.69,34.2,0
East,3.14,29.8,1
North,6.37,40.5,0
Central,4.43,37.2,0
North,4.25,38.2,0
South,4.13,18.9,2
North,2.91,11.5,1
East,5.61,50.9,0
North,2.14,9.7,1
Central,6.6,61.5,0
West,6.31,36.7,0
North,2.69,12.9,1
Central,5.24,43.6,0
Central,4.23,42.3,0
East,2.69,8.7,1
Central,6.93,21.0,2
Central,0.66,4.5,1
Central,2.14,18.2,1
Central,3.88,25.1,0
South,3.89,25.8,0
South,4.33,29.1,0
East,5.39,26.9,2
North,4.55,25.4,0
Central,4.4,19.5,2
North,0.85,2.7,1
North,2.95,17.2,1
East,2.01,13.5,1
Central,2.22,19.4,1
Central,4.1,25.3,0
West,1.8,16.2,1
North,2.41,15.2,1
North,2.04,14.2,1
South,6.67,34.1,0
West,6.64,40.8,0
South,4.46,43.4,0
South,6.51,58.3,0
South,5.61,28.9,0
East,4.33,26.5,0
East,0.54,4.7,1
South,5.52,18.3,2
West,5.07,23.8,2
North,4.5,18.2,2
West,5.44,53.7,0
Central,3.83,36.8,0
East,5.08,22.3,2
North,6.58,19.8,2
North,2.94,17.2,1
Central,5.1,42.8,0
Central,3.59,35.3,0
South,4.88,16.3,2
East,5.46,19.5,2
East,0.8,7.2,1
West,4.7,26.0,0
South,1.97,6.7,1
South,4.86,44.7,0
South,3.54,28.9,0
South,5.53,28.3,0
East,1.3,7.5,1
East,4.57,20.3,2
South,2.31,9.5,1
West,6.04,23.2,2
North,6.53,59.6,0
North,6.98,26.0,2
West,5.67,56.0,0
South,5.4,16.8,2
East,1.9,12.1,1
North,2.68,18.2,1
Central,3.53,33.9,0
Central,5.53,29.7,0
West,6.45,55.4,0
South,1.73,16.3,1
North,6.5,33.6,0
South,5.02,48.3,0
North,4.47,28.8,0
West,1.8,8.0,1
West,0.86,2.8,1
Central,4.2,27.0,0
South,4.73,30.1,0
Central,1.87,12.5,1
South,4.12,20.9,1
Central,6.07,18.5,2
East,5.93,51.9,0
East,6.53,54.2,0
East,2.88,11.9,1
East,2.57,25.3,1
North,5.37,20.3,2
East,3.3,32.0,0
West,1.07,5.4,1
West,2.34,12.5,1
North,3.22,16.3,1
East,2.4,8.8,1
East,2.66,12.8,1
East,2.41,19.7,1
Central,0.77,7.1,1
South,4.64,41.3,0
Central,4.38,21.4,2
South,4.75,39.2,0
East,1.75,9.5,1
East,2.42,19.5,1
Central,4.53,26.6,0
Central,4.4,15.6,2
South,3.79,25.5,0
West,2.78,17.3,1
South,6.43,40.0,0
Central,2.71,11.0,1
Central,3.46,11.0,2
North,4.91,19.1,2
Central,4.03,20.1,2
North,2.75,26.6,1
West,3.33,15.9,2
South,5.66,37.6,0
South,2.31,7.4,1
North,1.42,12.0,1
South,2.54,20.3,1
Central,6.02,51.8,0
East,1.08,5.6,1
North,6.95,27.4,2
South,4.02,17.5,2
North,6.9,32.8,2
North,6.6,42.9,0
East,3.44,23.7,1
Central,1.79,14.5,1
North,1.57,12.6,1
South,2.06,8.9,1
West,5.12,28.6,0
North,2.27,12.5,1
North,2.72,10.0,1
East,3.42,12.1,2
Central,6.44,58.1,0
West,1.73,15.4,1
South,0.53,4.8,1
West,0.89,3.9,1
South,6.38,24.1,2
Central,4.71,40.0,0
South,2.27,18.9,1
East,1.65,9.4,1
East,2.41,15.6,1
East,1.25,11.9,1
East,6.62,61.8,0
West,5.6,30.6,0
Central,3.51,32.2,0
South,6.12,37.6,0
South,2.12,12.7,1
East,5.16,31.5,0
East,6.06,24.1,2
North,2.82,11.6,1
Central,5.42,51.1,0
West,2.42,12.6,1
South,2.44,11.0,1
North,1.2,9.9,1
North,3.36,27.3,1
South,5.24,52.1,0
West,6.61,65.5,0
North,4.42,35.9,0
North,6.11,36.0,0
Central,5.85,49.0,0
West,1.63,9.7,1
North,3.66,17.1,2
West,1.26,12.5,1
South,4.93,21.0,2
East,6.67,38.1,0
North,1.39,8.6,1
Central,5.27,19.1,2
South,4.61,45.3,0
West,4.29,41.8,0
South,3.04,12.5,1
North,2.81,10.3,1
West,0.79,2.8,1
East,1.92,15.5,1
South,0.6,5.8,1
North,4.28,38.1,0
Central,1.19,4.3,1
West,6.17,55.2,0
South,3.9,25.9,0
South,5.05,16.4,2
East,3.17,30.8,1
East,4.14,19.9,2
Central,6.63,45.7,0
Central,1.04,6.0,1
North,2.15,7.4,1
North,5.57,20.9,2
Central,1.14,6.5,1
Central,0.99,3.3,1
West,2.85,17.7,1
East,1.1,6.5,1
North,4.3,41.8,0
East,1.97,6.0,1
East,6.32,27.1,2
Central,5.59,53.2,0
West,5.05,32.9,0
South,4.51,21.5,2
West,6.11,57.8,0
West,1.95,19.2,1
East,6.18,22.7,2
West,5.63,50.7,0
North,5.36,27.0,0
East,4.15,33.3,0
North,2.1,11.5,1
South,3.25,16.9,1
East,5.66,19.9,2
South,0.71,5.9,1
East,5.58,28.2,0
Central,2.06,14.0,1
West,1.44,11.5,1
Central,1.25,8.1,1
South,0.68,5.6,1
West,3.9,18.8,2
East,1.92,13.0,1
West,6.93,43.7,0
North,4.23,39.5,0
West,1.4,11.2,1
North,4.98,49.6,0
West,6.34,61.9,0
North,5.34,36.3,0
South,1.0,4.3,1
Central,6.32,23.3,2
East,5.66,27.1,2
West,1.53,5.5,1
Central,0.84,7.7,1
East,4.12,21.4,1
East,1.51,10.3,1
North,5.92,31.3,0
South,2.83,23.9,1
South,6.43,39.3,0
Central,4.18,39.8,0
South,1.69,10.5,1
West,1.41,4.9,1
South,4.25,34.0,0
Central,5.45,35.5,0
South,5.58,27.7,2
West,2.29,10.6,1
North,1.83,7.2,1
Central,0.61,6.0,1
North,4.91,43.3,0
North,1.0,6.0,1
North,3.23,12.8,2
East,4.41,26.0,0
East,6.59,43.2,0
North,2.53,10.3,1
Central,2.12,11.9,1
West,4.75,40.5,0
West,4.53,23.0,0
South,2.66,11.1,1
Central,6.53,55.2,0
East,5.99,49.7,0
North,1.96,12.4,1
South,2.05,13.0,1
West,3.83,36.4,0
East,5.53,33.2,0
East,0.79,3.8,1
North,5.01,34.4,0
West,4.71,31.2,0
Central,2.0,18.5,1
East,4.93,27.6,0
North,6.61,46.0,0
Central,0.8,4.4,1
West,2.58,8.8,1
East,3.35,19.7,1
Central,6.35,19.8,2
Central,6.75,33.5,2
Central,3.39,14.2,2
East,5.38,22.1,2
East,3.96,36.9,0
South,4.0,16.0,2
West,2.31,11.7,1
North,1.91,8.1,1
Central,2.37,15.2,1
South,4.12,15.8,2
North,0.69,6.6,1
South,6.4,22.1,2
East,1.52,5.2,1
Central,1.93,16.1,1
North,3.87,14.5,2
North,5.12,34.3,0
North,1.12,5.2,1
North,2.57,9.7,1
North,6.8,28.4,2
South,2.21,20.9,1
Central,2.53,8.8,1
East,5.94,19.8,2
East,0.83,5.8,1
East,3.52,14.9,2
East,2.97,14.7,1
South,2.56,9.4,1
West,2.36,10.4,1
Central,1.09,5.9,1
North,2.55,14.1,1
West,0.78,7.0,1
East,5.58,20.3,2
West,3.09,25.8,1
Central,3.39,28.9,1
North,6.31,19.4,2
North,4.78,30.6,0
Central,0.55,3.3,1
Central,6.63,21.1,2
East,2.04,6.8,1
North,1.2,6.2,1
West,5.49,23.2,2
South,3.75,12.0,2
South,3.32,15.0,2
Central,2.12,10.7,1
East,4.06,34.5,0
South,2.28,22.3,1
North,6.36,28.2,2
Central,1.9,9.8,1
West,6.25,29.0,2
Central,4.14,24.8,0
West,5.89,27.6,2
Central,5.13,31.8,0
Central,5.03,32.0,0
Central,2.61,26.1,1
West,2.02,7.0,1
West,1.87,17.3,1
Central,6.07,54.1,0
South,5.83,29.6,0
East,3.36,10.2,2
East,1.36,7.1,1
East,2.98,18.8,1
West,4.53,27.8,0
West,3.45,14.2,2
South,5.57,17.1,2
East,6.98,41.5,0
East,1.74,8.4,1
Central,3.49,20.2,1
West,3.3,14.0,2
East,2.48,11.3,1
South,1.79,17.1,1
South,0.93,5.6,1
East,6.27,60.9,0
West,3.23,28.4,1
South,3.73,25.3,1
Central,6.46,35.4,0
South,5.55,19.8,2
North,1.35,6.9,1
North,4.18,40.1,0
West,3.37,29.8,1
East,5.68,31.0,0
West,5.21,44.1,0
West,4.99,24.0,2
West,2.71,26.2,1
West,5.73,23.5,2
Central,0.84,7.8,1
Central,1.54,6.1,1
South,2.68,10.1,1
North,1.0,6.8,1
West,2.03,6.6,1
South,5.9,34.4,0
North,6.66,57.9,0
East,2.48,22.3,1
Central,2.22,19.8,1
North,2.32,9.4,1
East,2.31,19.1,1
North,0.73,6.6,1
Central,6.52,35.8,0
Central,1.89,10.1,1
South,3.23,26.3,1
West,0.56,5.3,1
North,6.08,23.4,2
North,5.25,22.3,2
East,6.65,62.9,0
Central,5.58,35.5,0
North,2.54,22.7,1
Central,2.11,8.0,1
North,5.04,29.0,0
South,2.87,18.0,1
West,4.18,16.7,2
North,0.54,5.2,1
Central,0.9,8.8,1
South,3.98,33.2,0
North,4.18,13.7,2
East,5.38,33.7,0
West,1.36,4.9,1
North,3.84,30.9,0
South,1.76,8.4,1
East,1.11,6.1,1
South,3.17,15.4,2
South,1.56,14.7,1
East,1.94,12.7,1
South,2.56,8.7,1
East,2.19,7.6,1
North,1.07,6.5,1
East,1.08,5.8,1
East,1.76,15.2,1
West,0.83,4.7,1
East,4.57,38.0,0
East,2.37,8.1,1
North,2.32,22.2,1
West,2.66,8.9,1
Central,4.81,24.3,0
North,6.16,26.2,2
North,5.43,37.7,0
Central,5.23,19.2,2
East,3.65,11.8,2
South,5.01,20.7,2
West,4.09,19.7,2
South,1.91,18.3,1
Central,1.86,7.9,1
North,2.43,21.0,1
North,6.42,39.1,0
West,4.06,21.0,1
North,5.27,49.3,0
North,2.75,17.7,1
West,3.15,21.8,1
West,1.32,4.6,1
Central,1.61,4.9,1
North,5.88,24.1,2
North,4.3,40.5,0
Central,2.69,25.8,1
East,5.72,30.8,0
East,2.1,7.4,1
East,6.84,61.7,0
Central,2.74,23.7,1
North,2.69,12.7,1
Central,2.53,22.6,1
Central,1.29,5.9,1
East,1.22,7.5,1
South,4.71,30.8,0
North,6.19,35.1,0
East,5.64,26.3,2
South,1.42,12.1,1
South,4.05,24.7,0
West,1.19,6.5,1
North,0.79,4.7,1
South,4.77,41.2,0
East,3.98,34.0,0
West,1.03,5.1,1
North,0.73,3.9,1
Central,6.93,66.4,0
East,0.7,3.5,1
South,3.39,17.1,1
South,3.78,35.5,0
East,1.26,10.7,1
South,1.6,4.9,1
West,2.79,16.2,1
North,5.45,37.4,0
West,3.8,30.5,0
South,4.65,28.7,0
Central,6.9,27.6,2
North,5.49,53.5,0
North,3.32,27.1,1
East,3.4,14.8,2
East,4.52,42.3,0
Central,4.82,30.5,0
North,3.75,25.8,0
Central,4.69,45.2,0
East,0.65,2.0,1
East,3.29,13.0,2
North,2.31,13.4,1
West,1.34,4.9,1
South,1.15,10.2,1
East,4.42,38.8,0
East,3.9,22.9,1
West,2.15,15.0,1
West,3.56,18.4,1
Central,3.7,17.9,2
Central,1.77,15.9,1
South,4.74,43.8,0
South,5.58,53.9,0
North,5.64,32.3,0
Central,4.42,39.2,0
East,3.83,14.6,2
Central,0.9,3.4,1
East,2.37,23.3,1
West,1.11,7.4,1
Central,6.76,55.6,0
West,1.38,4.4,1
South,1.49,5.7,1
South,6.28,20.1,2
North,6.64,61.3,0
Central,5.48,18.0,2
West,0.54,3.3,1
East,0.51,4.1,1
South,2.96,25.6,1
South,1.43,6.2,1
East,0.62,2.5,1
West,3.52,24.5,1
West,6.63,64.6,0
Central,2.6,9.7,1
Central,4.8,24.4,0
North,4.74,22.2,2
South,2.13,20.9,1
Central,4.73,22.0,2
West,1.88,15.5,1
East,1.29,6.4,1
West,5.06,43.1,0
South,1.24,8.0,1
West,6.98,68.5,0
North,1.69,9.2,1
South,4.36,42.8,0
East,3.17,17.8,1
North,1.32,6.5,1
South,0.68,5.8,1
East,4.55,22.3,2
North,5.74,29.3,0
North,5.97,56.2,0
South,3.64,33.0,0
Central,5.55,22.0,2
North,4.87,41.1,0
North,5.21,49.0,0
East,3.7,12.5,2
West,4.62,42.1,0
South,5.74,20.1,2
South,3.09,15.2,1
Central,5.74,17.5,2
Central,4.35,14.8,2
South,1.58,5.5,1
Central,0.66,3.8,1
East,2.86,15.6,1
South,4.05,16.1,2
Central,5.96,40.2,0
South,1.33,8.5,1
West,5.7,52.2,0
North,6.11,19.4,2
South,1.48,9.5,1
North,6.04,50.3,0
Central,6.94,66.4,0
North,5.22,18.3,2
South,5.6,21.5,2
West,6.96,60.6,0
Central,4.44,20.9,2
South,2.5,8.1,1
Central,5.94,54.2,0
East,4.49,37.2,0
North,4.28,18.9,2
East,2.15,14.6,1
South,5.42,21.0,2
West,1.03,6.2,1
Central,6.51,64.2,0
North,2.62,15.8,1
Central,1.33,11.9,1
South,3.38,14.0,2
Central,0.78,3.4,1
North,4.95,40.7,0
South,6.37,61.4,0
Central,5.94,52.7,0
West,1.33,4.2,1
South,1.32,6.0,1
South,5.79,33.3,0
West,6.51,53.4,0
East,3.49,21.9,1
North,3.74,17.8,2
East,2.57,17.4,1
Central,6.31,43.6,0
West,4.69,22.2,2
East,2.37,7.1,1
South,2.44,21.4,1
Central,6.29,41.7,0
Central,0.59,2.2,1
East,2.6,10.9,1
East,4.1,25.5,0
West,1.46,5.4,1
North,1.1,10.8,1
East,5.8,52.2,0
East,6.31,37.4,0
South,5.85,58.5,0
Central,6.34,25.3,2
North,4.1,13.8,2
South,5.78,23.3,2
West,3.0,13.9,1
West,4.83,31.7,0
East,6.93,66.4,0
East,1.97,18.5,1
West,3.03,10.6,1
East,3.62,24.3,1
North,1.4,6.7,1
East,1.03,3.5,1
Central,5.89,31.0,0
East,6.85,47.6,0
South,3.13,14.8,1
North,1.07,10.5,1
South,0.93,4.4,1
South,6.29,57.1,0
Central,3.51,32.6,0
North,2.58,15.7,1
North,3.6,18.4,1
North,2.57,11.5,1
North,3.68,33.2,0
North,6.09,56.6,0
Central,4.35,17.4,2
East,5.02,20.0,2
South,2.87,9.6,1
North,5.3,29.5,0
East,4.83,16.0,2
East,1.28,4.3,1
South,4.22,42.0,0
Central,2.17,7.2,1
West,5.73,48.9,0
West,3.27,30.0,1
East,6.97,43.4,0
South,1.1,3.6,1
West,5.57,25.6,2
East,4.88,46.7,0
Central,5.49,30.1,0
West,2.5,13.9,1
East,3.7,18.0,2
East,5.68,54.8,0
North,2.01,8.8,1
Central,1.97,6.2,1
North,4.08,15.7,2
South,3.9,16.1,2
North,2.33,19.5,1
North,2.44,14.4,1
West,2.31,9.7,1
East,5.51,20.1,2
Central,4.74,21.6,2
North,5.91,27.7,2
Central,6.84,38.6,0
North,3.58,23.9,1
South,0.93,4.8,1
North,0.81,5.4,1
West,2.42,8.0,1
East,6.56,53.6,0
South,3.9,24.5,0
North,2.27,13.5,1
Central,3.09,14.9,1
South,4.39,16.4,2
South,4.74,16.9,2
North,1.5,6.0,1
South,6.85,61.0,0
Central,4.04,35.1,0
South,1.38,8.8,1
Central,6.31,60.1,0
North,0.99,6.6,1
East,6.4,44.5,0
South,6.98,59.6,0
East,5.05,32.5,0
Central,5.51,20.9,2
South,2.69,17.1,1
West,6.62,26.2,2
East,3.94,39.4,0
South,5.26,49.7,0
East,6.51,45.0,0
South,6.84,31.9,2
North,5.92,40.3,0
East,2.47,23.8,1
West,6.78,40.1,0
West,4.58,25.2,0
Central,6.55,24.5,2
South,4.89,39.3,0
East,2.5,15.1,1
Central,2.91,11.7,1
East,4.08,24.7,0
South,5.64,27.9,2
West,2.57,12.4,1
North,4.27,22.7,0
West,2.75,24.0,1
Central,5.8,51.3,0
North,3.53,13.1,2
Central,1.0,9.6,1
South,1.58,6.4,1
North,0.9,8.2,1
Central,3.75,25.1,1
South,1.19,11.4,1
West,1.24,4.0,1
South,6.62,29.3,2
East,6.17,54.7,0
South,3.44,19.2,1
South,6.91,21.4,2
East,0.5,2.0,1
Central,4.49,16.7,2
Central,4.51,15.8,2
South,3.47,15.2,2
East,3.08,20.1,1
East,3.46,29.4,1
West,3.2,16.3,1
Central,5.25,35.2,0
North,1.38,4.2,1
Central,1.78,12.2,1
Central,1.67,7.1,1
West,2.21,12.5,1
North,3.91,13.7,2
West,1.22,3.7,1
North,6.14,33.6,0
South,2.43,12.8,1
North,1.56,14.4,1
West,4.89,40.7,0
Central,0.75,6.8,1
North,4.53,28.0,0
North,5.04,28.2,0
East,1.9,5.8,1
Central,0.77,6.2,1
South,2.86,8.7,1
West,1.14,5.1,1
South,1.26,4.6,1
Central,2.15,9.9,1
North,2.42,21.4,1
North,3.94,15.4,2
Central,4.91,29.6,0
North,4.35,28.0,0
North,1.46,8.1,1
North,1.62,13.4,1
West,6.21,25.5,2
West,4.13,35.7,0
East,6.15,23.9,2
South,2.92,27.1,1
Central,4.49,40.4,0
Central,3.9,16.5,2
Central,2.57,23.4,1
East,3.55,15.9,2
West,3.77,24.2,1
East,1.81,11.0,1
Central,2.55,16.2,1
South,5.64,55.0,0
North,6.45,37.8,0
West,2.84,10.9,1
West,2.5,16.3,1
East,1.77,10.9,1
West,4.91,40.0,0
Central,2.6,12.4,1
Central,6.92,55.8,0
East,2.62,24.9,1
Central,3.06,13.8,1
South,4.42,43.8,0
East,5.71,17.7,2
South,3.55,22.0,1
North,3.25,12.5,2
South,6.97,25.5,2
North,0.57,1.8,1
North,6.32,57.7,0
South,1.47,5.8,1
East,5.61,18.0,2
Central,4.52,19.1,2
Central,2.72,17.6,1
North,6.18,28.0,2
North,0.58,5.7,1
East,1.97,7.5,1
West,4.18,20.5,2
South,2.79,18.8,1
North,4.47,16.1,2
Central,0.66,5.5,1
East,1.26,4.9,1
South,1.33,11.7,1
East,1.73,10.6,1
South,3.49,14.5,2
South,5.39,35.0,0
North,6.39,25.7,2
East,5.93,48.7,0
East,1.78,12.0,1
Central,3.37,12.2,2
Central,1.8,17.9,1
North,2.22,11.6,1
North,3.77,18.5,2
West,0.94,4.9,1
Central,1.92,6.6,1
South,6.58,53.3,0
East,3.53,33.2,0
North,3.4,22.8,1
East,0.59,3.5,1
East,2.11,10.2,1
West,6.13,56.3,0
Central,1.57,6.7,1
North,3.2,31.0,1
East,0.59,3.3,1
North,3.61,13.4,2
South,0.64,3.1,1
West,5.83,57.1,0
South,5.86,58.3,0
North,5.62,55.1,0
North,2.34,12.3,1
Central,5.94,27.6,2
East,4.03,35.5,0
East,2.93,20.5,1
South,4.56,40.8,0
West,0.58,2.4,1
East,1.43,13.0,1
Central,5.32,19.4,2
South,2.09,10.8,1
South,4.39,29.8,0
Central,3.0,28.8,1
West,6.06,19.9,2
Central,6.69,30.5,2
West,6.24,26.5,2
Central,2.26,19.9,1
Central,1.76,6.2,1
North,3.58,16.9,2
South,0.55,2.4,1
Central,0.67,2.7,1
Central,4.1,37.8,0
East,3.88,31.7,0
South,6.96,27.5,2
East,1.81,6.1,1
South,2.18,11.8,1
East,1.24,7.8,1
Central,6.46,31.2,2
Central,5.56,21.2,2
North,5.85,31.7,0
East,6.37,40.1,0
West,3.91,18.5,2
North,3.43,32.6,0
East,2.65,25.8,1
East,4.33,17.6,2
North,3.45,15.5,2
Central,3.44,18.2,1
East,6.59,37.5,0
Central,6.9,60.6,0
North,5.68,22.8,2
Central,5.42,37.2,0
South,4.92,48.0,0
West,1.58,13.1,1
East,0.88,7.3,1
West,4.99,28.5,0
Central,5.24,29.2,0
East,0.81,3.4,1
Central,6.53,31.4,2
South,1.09,10.8,1
North,2.36,22.0,1
East,4.87,32.5,0
South,1.6,9.7,1
South,0.86,2.9,1
East,2.65,10.7,1
Central,5.48,22.5,2
South,3.19,20.7,1
West,4.74,40.0,0
South,4.27,16.0,2
Central,0.64,2.4,1
Central,6.93,47.9,0
West,0.77,3.0,1
South,6.79,64.6,0
Central,4.07,26.5,0
East,6.76,23.9,2
North,1.25,5.2,1
North,3.69,25.0,1
North,1.6,9.5,1
South,0.83,4.1,1
West,4.51,38.0,0
Central,1.85,9.5,1
East,4.32,42.3,0
East,1.23,5.8,1
South,2.66,26.6,1
North,5.58,24.3,2
South,3.34,16.3,2
West,4.58,21.3,2
West,4.71,22.1,2
Central,5.98,54.6,0
Central,2.61,9.8,1
West,4.97,24.2,2
West,6.75,59.8,0
West,5.25,31.9,0
South,3.68,32.7,0
West,4.6,42.0,0
East,5.31,47.5,0
North,4.48,13.9,2
West,0.61,2.9,1
North,1.77,6.9,1
South,5.77,35.6,0
North,2.27,7.4,1
South,5.26,26.3,0
East,2.92,10.2,1
South,3.89,36.6,0
South,0.94,3.0,1
Central,1.68,11.5,1
West,6.72,36.5,0
West,6.29,21.4,2
East,4.74,39.6,0
East,3.49,10.6,2
West,4.89,22.2,2
Central,4.52,21.5,2
West,4.2,38.8,0
Central,0.88,4.7,1
East,4.61,39.5,0
North,5.5,32.7,0
East,6.96,48.1,0
East,0.57,3.1,1
South,5.25,49.7,0
South,4.22,16.4,2
South,3.32,11.9,2
South,1.33,5.2,1
Central,3.16,9.9,1
West,2.8,12.9,1
North,2.47,21.0,1
East,5.25,49.6,0
Central,5.05,41.1,0
North,4.33,42.9,0
Central,6.6,55.3,0
Central,2.77,27.1,1
East,2.08,20.0,1
West,4.76,23.5,2
South,1.79,10.7,1
West,2.55,24.1,1
East,1.96,11.3,1
East,0.95,8.0,1
East,5.88,52.3,0
North,2.15,7.2,1
West,3.57,24.9,1
West,0.78,2.5,1
Central,5.05,21.1,2
Central,2.65,16.6,1
Central,5.34,21.8,2
East,3.18,29.7,1
West,1.77,14.6,1
East,3.84,35.0,0
North,1.35,11.6,1
Central,3.36,33.2,0
East,2.56,11.6,1
East,6.43,31.8,2
North,0.9,7.3,1
South,5.01,42.9,0
West,1.69,5.7,1
South,2.57,12.9,1
Central,3.2,11.2,1
East,6.4,27.9,2
North,2.08,7.2,1
North,1.09,4.4,1
West,2.57,12.3,1
South,1.18,7.5,1
West,1.34,11.8,1
East,4.23,37.0,0
West,0.9,5.3,1
North,0.7,5.8,1
North,5.14,47.6,0
Central,2.85,24.9,1
Central,1.31,8.8,1
East,2.15,14.0,1
South,4.67,43.1,0
West,2.29,20.0,1
East,3.71,31.2,0
Central,1.29,5.9,1
West,4.32,17.2,2
Central,2.55,8.8,1
West,4.58,24.7,0
South,5.75,47.9,0
East,4.48,29.4,0
West,2.42,13.2,1
North,2.16,13.1,1
North,2.63,23.4,1
West,1.57,6.5,1
West,1.68,16.4,1
West,5.64,54.9,0
North,3.0,17.7,1
North,3.33,16.8,1
West,4.36,25.5,0
Central,4.33,18.2,2
Central,0.94,3.9,1
South,5.91,25.4,2
East,1.65,13.7,1
Central,5.2,32.7,0
North,5.52,46.2,0
Central,5.15,23.2,2
South,4.26,24.2,0
South,0.59,2.6,1
East,2.84,14.5,1
Central,4.43,25.8,0
North,3.02,28.4,1
North,6.11,51.7,0
West,2.51,11.5,1
North,2.41,22.3,1
East,2.23,20.5,1
East,2.66,23.2,1
North,4.12,24.6,0
North,5.1,46.9,0
West,4.81,19.0,2
North,5.75,36.8,0
West,6.26,36.7,0
West,5.8,48.7,0
North,0.62,3.4,1
South,5.28,15.9,2
South,1.85,6.7,1
West,1.36,8.8,1
North,4.65,44.6,0
South,2.58,21.7,1
North,0.87,6.0,1
North,1.39,5.6,1
North,0.51,3.5,1
Central,6.37,60.0,0
North,0.66,6.2,1
Central,1.86,9.6,1
West,3.21,11.0,1
South,2.82,14.1,1
South,6.43,28.5,2
South,0.76,2.8,1
South,3.83,25.2,0
South,4.92,27.9,0
South,6.56,30.4,2
South,4.53,14.8,2
West,5.72,19.1,2
North,1.04,3.8,1
East,3.01,26.5,1
Central,2.93,16.7,1
East,6.26,28.3,2
East,1.48,7.7,1
North,1.49,5.5,1
North,2.64,17.6,1
North,0.85,4.4,1
South,1.69,8.3,1
West,6.77,33.7,2
South,3.28,17.0,1
West,4.61,25.7,0
West,5.22,30.0,0
East,2.89,27.6,1
East,1.46,6.1,1
West,1.84,17.1,1
West,2.54,24.2,1
South,4.63,15.0,2
South,3.09,14.4,1
East,0.54,5.1,1
North,3.9,16.2,2
West,6.49,44.0,0
South,5.78,37.0,0
East,5.86,49.2,0
South,5.67,50.2,0
West,2.6,10.4,1
West,5.47,17.0,2
Central,1.43,14.2,1
North,4.78,39.5,0
Central,4.67,29.9,0
East,0.67,4.0,1
South,5.62,17.1,2
East,6.37,43.6,0
West,2.24,10.5,1
Central,5.78,23.4,2
Central,1.04,3.6,1
Central,4.4,23.1,0
East,3.66,31.9,0
West,4.05,34.5,0
South,6.52,39.2,0
South,6.16,61.2,0
East,5.6,23.2,2
Central,2.28,22.3,1
North,6.43,40.5,0
East,1.13,10.1,1
East,6.05,28.5,2
West,2.63,10.4,1
South,0.85,5.7,1
East,4.85,27.1,0
East,2.0,10.5,1
Central,2.08,9.8,1
Central,2.49,22.8,1
North,0.91,8.9,1
West,1.65,11.3,1
North,0.53,4.3,1
Central,3.4,30.6,0
South,1.05,6.0,1
Central,4.94,30.9,0
West,2.03,9.3,1
Central,6.63,23.6,2
West,6.16,25.3,2
West,2.38,10.5,1
West,5.59,46.2,0
West,5.72,55.1,0
West,6.91,29.1,2
South,4.39,21.5,2
North,1.03,5.8,1
East,4.7,38.6,0
North,4.56,41.1,0
West,4.65,14.7,2
South,2.5,24.8,1
Central,6.09,30.9,0
South,6.74,43.9,0
West,1.92,17.4,1
South,1.07,4.0,1
South,1.76,14.3,1
West,5.83,36.4,0
South,4.9,20.4,2
East,4.63,39.6,0
East,3.11,15.0,1
South,4.26,15.4,2
Central,2.5,14.7,1
West,3.6,14.7,2
East,5.65,46.3,0
Central,6.88,33.5,2
South,6.56,24.6,2
Central,6.57,53.6,0
North,3.11,18.0,1
East,3.55,22.0,1
South,5.09,45.9,0
West,6.49,60.9,0
South,1.42,7.3,1
West,2.48,8.9,1
South,1.41,13.6,1
Central,4.48,14.2,2
Central,2.49,24.2,1
Central,2.62,13.6,1
North,0.96,4.5,1
West,2.77,10.3,1
Central,6.11,56.4,0
North,2.01,6.6,1
West,5.02,40.8,0
South,4.59,24.9,0
North,6.11,19.9,2
East,1.36,11.7,1
North,6.85,27.6,2
North,4.29,39.4,0
West,6.97,66.8,0
South,6.42,59.8,0
East,1.94,12.1,1
Central,0.87,3.3,1
Central,2.16,12.8,1
North,3.93,34.7,0
West,1.62,15.7,1
West,1.59,8.7,1
Central,3.51,17.6,1
East,0.72,3.1,1
South,1.29,10.8,1
East,3.2,21.7,1
South,0.91,8.8,1
Central,3.08,25.1,1
South,3.58,11.5,2
West,3.43,13.7,2
North,6.15,25.9,2
North,3.95,21.9,1
Central,3.54,33.4,0
West,3.17,19.6,1
East,5.81,32.8,0
West,6.32,19.3,2
North,6.05,57.5,0
North,4.88,41.1,0
West,1.39,6.5,1
West,2.3,20.3,1
North,0.8,3.3,1
East,6.55,44.2,0
Central,4.8,32.3,0
Central,5.35,20.0,2
West,2.53,13.7,1
Central,6.0,39.3,0
North,2.19,8.5,1
North,0.51,2.7,1
West,2.95,28.9,1
West,4.21,22.7,0
West,3.61,11.0,2
East,6.1,49.0,0
Central,1.19,11.0,1
West,4.1,25.9,0
South,3.83,33.0,0
South,2.33,8.5,1
North,5.84,50.7,0
Central,5.39,34.3,0
West,5.26,26.9,0
South,6.2,61.1,0
Central,5.2,17.9,2
North,2.01,10.0,1
East,5.09,27.2,0
Central,2.5,16.4,1
Central,2.07,7.1,1
East,0.97,7.9,1
Central,5.34,52.1,0
North,5.12,49.8,0
North,2.02,17.8,1
East,5.37,23.7,2
West,6.47,39.6,0
South,1.2,8.0,1
West,2.01,17.3,1
Central,5.38,21.8,2
South,2.28,9.1,1
East,4.56,39.7,0
East,1.03,10.1,1
South,3.44,28.7,1
North,5.3,28.1,0
South,4.96,45.4,0
Central,5.8,36.6,0
North,6.2,21.0,2
East,5.53,20.9,2
South,4.87,33.6,0
West,0.71,3.9,1
West,3.98,25.2,0
Central,0.75,4.9,1
West,5.75,51.2,0
South,2.58,12.6,1
South,4.16,39.4,0
West,2.32,13.7,1
South,5.59,51.1,0
Central,6.26,58.8,0
North,3.09,12.9,1
Central,6.11,59.6,0
Central,2.24,8.3,1
South,3.98,22.3,1
North,6.08,51.2,0
South,2.62,13.3,1
East,6.7,20.7,2
South,1.29,8.7,1
South,0.62,3.9,1
South,6.38,27.6,2
North,0.95,5.9,1
South,6.95,46.6,0
North,6.68,39.8,0
West,1.39,13.5,1
East,3.99,22.8,1
North,1.7,8.3,1
West,3.28,30.8,1
North,0.9,7.7,1
North,1.96,8.1,1
East,2.86,17.3,1
Central,3.35,27.7,1
Central,6.85,62.9,0
North,5.75,49.6,0
South,5.29,27.0,0
West,3.99,39.5,0
South,5.96,25.5,2
South,2.71,18.3,1
North,5.11,22.2,2
North,6.96,25.8,2
North,2.55,23.0,1
North,4.88,45.6,0
Central,5.99,59.4,0
North,6.45,22.6,2
Central,5.17,34.9,0
Central,2.34,23.0,1
North,2.62,24.5,1
East,0.63,3.1,1
West,5.45,31.6,0
South,0.78,3.8,1
Central,6.12,57.6,0
West,1.27,3.9,1
East,1.62,15.9,1
South,3.6,21.5,1
South,5.3,20.8,2
Central,1.4,12.8,1
North,3.36,27.9,1
East,3.64,32.5,0
Central,1.88,18.2,1
East,1.25,3.8,1
North,5.94,50.8,0
North,3.77,11.3,2
Central,0.59,5.2,1
North,5.72,25.5,2
West,6.88,31.6,2
South,4.44,43.9,0
Central,3.77,34.7,0
East,6.21,52.8,0
West,6.69,65.9,0
Central,5.4,35.4,0
North,3.4,31.1,0
North,4.35,40.9,0
North,5.06,49.8,0
North,1.76,7.8,1
East,3.41,29.8,1
West,5.89,26.1,2
South,4.76,14.7,2
East,3.17,12.0,1
East,4.81,18.3,2
South,1.27,6.8,1
South,3.11,25.0,1
North,5.66,18.5,2
East,1.93,18.0,1
Central,1.71,7.9,1
South,6.68,46.6,0
South,1.86,6.9,1
West,2.2,20.2,1
Central,6.8,67.1,0
Central,5.28,28.2,0
South,5.05,47.6,0
North,6.04,57.4,0
West,1.25,4.0,1
Central,5.09,49.5,0
South,3.77,17.4,2
Central,5.89,29.8,0
West,3.8,31.1,0
West,4.53,14.0,2
East,3.61,31.3,0
South,3.61,14.5,2
West,5.49,33.3,0
East,4.59,16.2,2
East,4.62,45.4,0
Central,3.43,12.8,2
Central,3.95,32.0,0
East,5.35,30.0,0
Central,5.87,23.8,2
West,5.03,44.3,0
North,6.51,55.6,0
West,5.83,48.2,0
East,4.15,19.2,2
East,4.86,24.3,2
West,6.52,23.9,2
Central,4.52,26.0,0
Central,5.86,54.1,0
East,4.98,47.0,0
South,4.09,23.7,0
Central,2.07,14.1,1
West,3.27,13.5,2
Central,6.79,26.5,2
West,4.78,20.5,2
East,4.17,20.5,2
Central,6.56,30.1,2
West,4.31,13.3,2
East,3.92,22.2,1
South,5.44,32.3,0
West,5.13,28.9,0
South,1.76,16.5,1
South,3.56,34.4,0
North,3.57,15.9,2
Central,2.96,20.7,1
West,3.86,33.0,0
South,3.19,31.1,1
North,1.8,11.8,1
East,3.18,27.7,1
West,0.97,9.2,1
South,4.24,22.1,0
Central,6.05,58.0,0
North,5.21,31.6,0
South,2.84,24.4,1
Central,1.07,6.8,1
South,1.81,16.8,1
West,4.05,34.1,0
West,1.85,9.4,1
West,4.04,35.8,0
North,2.01,12.3,1
West,6.02,40.7,0
Central,3.08,30.4,1
South,2.1,8.5,1
East,5.78,55.0,0
Central,2.73,10.6,1
Central,1.22,5.5,1
West,4.21,35.4,0
North,4.28,16.0,2
South,5.15,32.3,0
North,2.06,10.4,1
South,3.38,15.0,2
South,2.34,15.6,1
North,1.03,9.1,1
Central,6.2,36.6,0
South,5.24,24.6,2
North,2.46,23.5,1
South,4.4,24.5,0
East,1.81,15.7,1
Central,6.29,27.4,2
West,1.25,7.7,1
South,0.52,4.3,1
East,3.76,32.4,0
West,4.29,29.2,0
West,4.26,39.9,0
South,0.85,8.5,1
North,2.54,11.5,1
South,3.74,18.3,2
East,1.91,6.6,1
West,6.17,28.0,2
South,1.07,3.3,1
North,3.67,15.9,2
South,4.99,29.6,0
Central,2.2,8.1,1
North,4.56,44.3,0
East,5.89,39.5,0
West,1.74,14.0,1
South,6.46,27.3,2
North,4.1,15.3,2
Central,2.45,21.6,1
North,3.3,31.9,0
Central,2.53,21.8,1
East,5.21,35.9,0
West,5.68,19.1,2
East,5.91,55.1,0
South,6.91,30.0,2
North,5.64,48.0,0
Central,4.41,16.1,2
Central,2.7,18.0,1
North,4.04,18.3,2
North,0.77,6.7,1
South,5.34,21.7,2
East,3.4,17.4,1
Central,0.63,3.4,1
South,0.91,3.6,1
East,3.02,24.7,1
South,4.29,28.7,0
Central,3.52,22.7,1
North,4.52,22.1,2
North,3.62,23.1,1
East,4.8,33.0,0
West,1.92,17.5,1
East,1.23,11.3,1
West,4.38,43.6,0
South,3.65,15.6,2
South,0.67,3.4,1
Central,2.97,13.2,1
West,1.19,8.1,1
Central,3.95,26.0,0
North,3.07,18.9,1
West,4.49,41.9,0
East,5.74,28.6,2
North,2.45,7.8,1
North,6.75,42.8,0
East,3.98,14.2,2
North,4.52,41.9,0
West,4.92,20.7,2
Central,4.83,25.6,0
North,3.82,32.1,0
West,3.29,30.4,1
South,0.85,4.5,1
West,0.64,2.3,1
Central,2.83,18.9,1
West,2.67,9.8,1
East,3.02,12.0,1
Central,1.4,13.8,1
South,5.3,28.9,0
East,6.07,53.3,0
West,6.6,41.0,0
Central,3.7,24.1,1
South,5.06,49.6,0
East,6.06,41.4,0
South,3.22,21.1,1
West,2.51,8.7,1
South,6.59,33.3,0
North,3.85,22.2,1
East,3.73,30.9,0
South,1.66,15.6,1
West,1.2,7.6,1
West,5.97,18.4,2
South,4.49,21.0,2
West,2.62,22.3,1
Central,1.75,10.3,1
Central,4.11,26.0,0
Central,4.3,16.6,2
North,1.85,7.2,1
South,6.03,18.9,2
North,1.05,9.2,1
West,2.81,18.3,1
North,4.92,48.4,0
West,2.28,13.3,1
West,5.88,52.0,0
East,5.31,34.0,0
Central,5.63,27.5,2
West,1.27,4.5,1
East,1.41,5.5,1
Central,2.36,22.6,1
West,3.87,16.3,2
West,5.36,28.0,0
North,5.94,55.0,0
North,5.08,27.3,0
Central,6.54,59.0,0
West,5.3,32.1,0
South,2.49,16.8,1
North,2.22,19.8,1
Central,5.03,43.1,0
West,1.75,6.1,1
West,1.1,5.2,1
South,3.96,21.2,1
Central,5.84,34.2,0
West,1.16,6.2,1
North,5.65,53.9,0
South,5.78,51.7,0
Central,3.63,13.4,2
South,0.87,5.0,1
North,1.63,7.7,1
Central,5.1,46.4,0
South,5.13,48.4,0
East,6.34,62.1,0
North,4.29,20.6,2
North,1.31,11.3,1
North,1.29,8.9,1
East,5.19,15.8,2
East,1.69,14.8,1
West,2.63,12.6,1
South,3.67,13.0,2
West,0.66,5.6,1
South,2.12,18.2,1
East,3.15,13.3,1
East,2.32,9.0,1
West,1.39,13.1,1
Central,5.23,35.5,0
West,5.79,25.2,2
South,2.17,7.4,1
West,5.53,38.0,0
North,3.01,25.7,1
South,3.79,31.5,0
South,6.06,31.4,0
Central,5.37,49.0,0
East,5.73,47.1,0
South,1.39,4.6,1
East,0.95,3.4,1
West,6.31,22.5,2
North,3.02,18.7,1
Central,2.37,22.8,1
East,5.21,49.6,0
South,5.94,20.9,2
East,6.11,21.3,2
South,2.55,17.7,1
East,6.04,48.4,0
South,0.77,5.2,1
West,0.82,6.9,1
South,4.55,31.4,0
South,0.91,3.4,1
North,2.61,15.3,1
South,4.87,31.2,0
North,2.69,11.2,1
Central,1.67,14.4,1
North,2.33,21.2,1
West,3.47,15.5,2
North,3.59,18.3,1
Central,5.59,28.1,0
West,5.38,31.8,0
East,3.47,28.7,1
East,6.0,38.0,0
North,1.24,10.5,1
North,2.16,12.7,1
Central,5.88,20.0,2
Central,2.96,12.1,1
South,6.88,56.6,0
Central,3.53,28.4,1
South,5.65,17.5,2
West,3.11,15.3,1
North,3.26,17.2,1
West,2.99,13.2,1
Central,5.17,42.1,0
West,4.06,13.1,2
West,6.63,59.8,0
West,2.13,19.0,1
Central,1.15,7.9,1
West,3.06,21.1,1
South,4.51,29.6,0
Central,6.1,37.8,0
West,2.75,10.8,1
Central,4.75,27.1,0
East,2.78,13.6,1
South,4.51,28.0,0
West,6.25,38.5,0
East,2.0,16.9,1
East,3.13,9.7,1
Central,6.96,68.8,0
East,6.15,34.6,0
South,4.17,16.2,2
South,3.86,20.2,1
North,2.35,22.7,1
South,3.86,11.8,2
East,6.01,58.1,0
South,4.95,26.1,0
Central,2.39,16.2,1
North,1.81,11.7,1
East,2.22,7.4,1
North,1.6,14.6,1
East,1.12,9.7,1
Central,3.22,17.2,1
North,1.24,12.1,1
West,1.62,6.2,1
East,4.06,23.5,0
West,1.57,8.4,1
North,0.92,5.3,1
West,2.56,12.1,1
West,1.93,11.1,1
North,3.85,26.6,0
Central,1.17,8.1,1
West,5.39,28.5,0
West,6.39,53.4,0
Central,5.33,35.8,0
West,3.96,15.0,2
West,6.09,30.5,0
West,5.02,27.8,0
South,0.57,5.2,1
Central,3.06,20.2,1
West,6.03,49.8,0
Central,2.75,8.9,1
East,0.73,7.2,1
East,5.35,34.8,0
West,5.71,23.9,2
Central,1.54,10.1,1
Central,3.99,35.3,0
Central,1.75,7.9,1
South,5.18,19.4,2
East,2.27,19.3,1
Central,2.56,24.2,1
Central,5.99,23.0,2
South,3.6,17.9,2
South,4.85,42.2,0
Central,3.12,21.4,1
North,2.44,11.9,1
Central,4.57,38.8,0
Central,1.51,10.0,1
South,2.92,11.3,1
South,1.86,9.0,1
Central,5.02,44.7,0
Central,6.64,43.1,0
Central,6.97,27.4,2
South,3.43,18.7,1
Central,2.14,11.6,1
Central,3.38,13.0,2
West,6.01,39.1,0
North,1.84,7.7,1
East,6.69,42.7,0
North,2.72,9.7,1
West,6.91,61.9,0
East,5.95,18.4,2
Central,5.76,26.7,2
West,2.57,12.8,1
Central,0.56,3.3,1
South,2.98,23.9,1
West,2.46,13.1,1
South,0.74,4.7,1
West,3.78,16.0,2
West,3.12,20.5,1
South,4.62,16.2,2
East,4.54,43.3,0
North,1.28,8.2,1
Central,6.85,38.7,0
West,1.72,10.5,1
Central,3.39,11.2,2
South,3.67,14.3,2
Central,5.78,39.1,0
South,1.14,6.7,1
Central,3.29,31.8,0
North,4.59,42.1,0
North,1.9,15.9,1
North,4.58,42.0,0
North,6.5,58.6,0
North,6.98,26.5,2
North,0.71,5.8,1
South,2.03,17.9,1
West,2.52,13.0,1
Central,3.09,9.9,1
North,2.07,18.3,1
South,1.82,15.7,1
South,6.7,66.0,0
South,6.47,37.2,0
West,0.81,5.3,1
Central,2.7,16.4,1
West,3.13,29.4,1
East,2.05,11.3,1
South,4.59,45.4,0
East,4.66,18.9,2
North,6.03,58.3,0
North,5.32,30.5,0
West,4.03,12.9,2
Central,4.75,44.4,0
East,2.28,6.9,1
Central,4.35,17.2,2
West,3.68,12.5,2
North,1.37,12.7,1
Central,2.08,14.5,1
Central,2.4,21.4,1
North,6.51,43.2,0
East,2.0,18.0,1
North,2.38,21.4,1
Central,2.9,28.6,1
East,4.81,32.6,0
East,1.27,12.2,1
North,6.7,24.1,2
Central,6.13,55.7,0
West,4.25,14.7,2
Central,4.88,28.7,0
South,0.61,3.6,1
West,2.7,26.1,1
East,5.67,55.5,0
West,1.0,8.8,1
East,2.34,7.1,1
East,4.3,28.9,0
West,2.17,7.3,1
East,6.57,27.9,2
East,1.35,10.9,1
South,5.68,50.0,0
Central,3.8,18.9,2
Central,5.38,17.2,2
South,2.52,22.3,1
West,3.84,33.1,0
North,6.07,29.2,2
North,3.53,34.4,0
North,2.84,24.1,1
South,3.99,12.6,2
South,5.16,22.0,2
East,3.38,19.2,1
North,6.6,28.7,2
West,2.42,19.5,1
West,3.59,11.7,2
North,5.42,23.7,2
North,4.98,17.1,2
North,6.11,41.0,0
South,6.98,35.7,0
South,3.27,27.6,1
South,1.22,8.5,1
Central,0.7,2.7,1
West,5.22,33.4,0
West,6.18,20.8,2
East,1.93,12.0,1
South,1.53,9.9,1
Central,0.9,5.1,1
Central,5.85,27.2,2
West,2.52,15.6,1
South,3.11,11.8,1
East,3.77,15.5,2
South,5.96,54.6,0
North,4.73,25.2,0
South,4.5,39.6,0
North,1.64,14.2,1
North,3.84,14.6,2
East,5.15,33.6,0
West,6.83,27.1,2
South,1.81,8.8,1
North,0.56,3.1,1
South,0.99,3.8,1
West,2.94,19.3,1
West,5.83,35.5,0
Central,0.55,2.3,1
West,3.47,10.8,2
East,2.64,23.2,1
North,0.84,3.0,1
Central,3.43,24.0,1
East,2.16,18.6,1
South,2.79,18.9,1
North,5.09,47.6,0
West,3.89,14.3,2
North,1.31,5.4,1
South,6.75,31.6,2
Central,4.63,31.3,0
Central,5.48,45.6,0
Central,1.01,5.7,1
West,0.81,7.0,1
East,0.63,1.9,1
East,1.73,10.7,1
North,3.19,15.0,2
West,6.58,37.9,0
Central,3.47,15.5,2
Central,2.39,15.0,1
South,4.15,23.9,0
South,1.23,10.2,1
Central,4.46,19.7,2
Central,4.19,40.7,0
West,5.65,53.0,0
East,6.91,21.0,2
South,2.13,11.6,1
East,3.81,31.0,0
West,6.41,26.5,2
Central,5.6,36.5,0
East,3.67,30.2,0
Central,6.64,64.3,0
Central,0.87,7.9,1
North,6.55,41.8,0
East,0.83,8.3,1
East,4.06,21.0,1
Central,6.29,61.7,0
West,2.21,7.2,1
North,3.57,31.4,0
Central,2.61,12.3,1
South,6.69,32.2,2
South,5.85,23.5,2
North,5.11,31.6,0
West,4.32,19.1,2
Central,5.83,56.3,0
East,3.05,16.0,1
North,3.41,15.8,2
West,5.25,31.3,0
East,2.83,16.7,1
South,0.92,5.4,1
South,0.98,8.8,1
East,1.25,6.1,1
North,6.15,37.5,0
South,3.57,24.7,1
Central,5.13,27.5,0
East,3.05,13.6,1
East,2.18,14.4,1
South,2.76,17.5,1
North,5.66,52.2,0
Central,4.56,18.8,2
North,6.59,64.1,0
West,4.92,22.8,2
West,4.21,13.7,2
South,4.47,21.0,2
South,6.63,58.5,0
South,5.62,47.8,0
West,0.66,6.4,1
North,3.97,35.2,0
North,4.97,32.9,0
South,5.37,29.7,0
Central,1.89,9.5,1
North,6.14,24.5,2
West,6.71,34.9,0
East,2.04,9.2,1
East,6.24,53.4,0
East,1.13,4.4,1
Central,0.86,2.7,1
South,1.34,7.5,1
West,0.88,8.4,1
Central,5.99,49.7,0
West,0.88,5.5,1
West,2.27,22.3,1
South,1.17,11.0,1
East,2.42,23.3,1
South,1.09,5.7,1
Central,4.84,41.1,0
Central,1.37,6.6,1
Central,6.04,26.8,2
South,5.81,53.9,0
West,0.59,3.7,1
West,6.32,36.8,0
North,0.69,3.5,1
Central,2.06,19.7,1
West,0.71,6.6,1
North,2.68,10.6,1
West,3.84,26.1,0
Central,5.68,20.9,2
East,2.7,9.7,1
Central,5.09,34.3,0
South,1.72,16.5,1
West,5.38,48.6,0
West,2.03,6.6,1
South,1.43,4.9,1
South,1.71,7.4,1
East,1.68,6.3,1
West,3.83,25.6,0
West,5.99,29.4,2
East,1.02,4.7,1
North,5.1,44.7,0
East,4.75,45.5,0
Central,6.17,53.7,0
West,2.09,11.1,1
South,3.43,17.4,1
Central,6.52,57.2,0
West,4.79,47.0,0
East,3.03,10.5,1
Central,1.35,4.6,1
West,2.21,15.3,1
North,4.28,21.6,0
North,5.17,23.6,2
South,1.31,11.3,1
West,4.4,13.5,2
North,4.08,27.9,0
East,3.84,20.3,1
West,4.99,20.5,2
East,5.94,21.1,2
East,2.6,8.1,1
North,6.28,32.0,0
West,1.54,12.7,1
Central,1.62,5.1,1
North,2.23,14.5,1
North,1.28,7.6,1
West,2.0,11.4,1
West,1.19,4.6,1
East,5.84,28.4,2
West,1.4,13.8,1
East,5.36,34.5,0
North,0.81,3.9,1
South,6.67,37.6,0
Central,5.12,29.5,0
North,0.54,5.0,1
West,5.47,23.2,2
Central,3.84,15.2,2
South,5.57,32.3,0
South,3.9,27.2,0
East,4.67,45.0,0
Central,5.61,49.8,0
East,3.13,29.6,1
North,0.52,4.4,1
Central,6.02,49.4,0
North,2.98,25.9,1
East,3.72,21.6,1
Central,0.55,4.4,1
East,3.7,24.5,1
Central,6.91,39.5,0
East,2.31,9.6,1
South,3.07,15.8,1
East,4.97,26.6,0
South,5.8,56.7,0
East,3.21,20.0,1
Central,2.51,24.9,1
Central,6.6,66.0,0
Central,4.9,42.8,0
West,1.27,4.6,1
North,0.95,9.2,1
Central,3.64,25.5,1
South,1.93,17.9,1
Central,2.15,20.6,1
West,6.2,59.3,0
South,1.08,4.0,1
West,5.15,31.7,0
South,2.26,10.5,1
East,5.44,34.7,0
North,5.2,15.8,2
North,0.55,3.1,1
West,3.81,12.5,2
North,1.41,11.9,1
West,6.13,29.5,2
West,6.17,19.0,2
West,3.22,27.2,1
North,3.39,29.2,1
West,2.47,15.4,1
North,5.16,31.3,0
West,2.83,15.4,1
Central,2.24,7.5,1
West,3.31,18.1,1
South,1.09,4.4,1
West,5.35,19.0,2
East,0.58,4.0,1
West,4.69,27.8,0
South,1.69,5.3,1
South,2.01,19.0,1
North,4.63,40.1,0
Central,6.95,29.9,2
West,5.56,30.9,0
North,1.97,8.2,1
Central,1.64,7.5,1
West,6.13,42.0,0
East,3.39,28.9,1
West,1.39,5.1,1
South,6.1,54.5,0
South,5.8,57.2,0
East,6.9,46.9,0
North,6.41,20.4,2
Central,6.04,19.7,2
West,0.84,7.6,1
South,1.18,9.7,1
North,4.2,23.9,0
East,3.95,32.8,0
South,3.48,21.8,1
East,3.08,15.1,1
West,3.3,23.1,1
Central,4.2,36.8,0
South,0.51,2.1,1
South,2.19,14.7,1
West,3.87,12.5,2
North,5.19,33.1,0
Central,1.63,14.4,1
South,4.05,34.1,0
Central,5.14,19.6,2
South,3.39,10.7,2
Central,0.68,3.0,1
East,3.42,18.8,1
South,2.43,21.0,1
Central,6.54,21.2,2
North,1.31,6.2,1
East,4.74,18.9,2
East,0.84,5.2,1
North,3.4,14.1,2
Central,4.1,15.7,2
West,2.44,13.1,1
North,3.46,22.5,1
Central,1.56,5.1,1
North,2.48,8.0,1
North,4.54,29.1,0
South,2.46,20.7,1
Central,6.35,35.6,0
West,4.58,41.0,0
South,3.35,13.1,2
North,0.75,3.3,1
North,3.75,34.7,0
North,5.47,34.4,0
Central,2.23,9.9,1
Central,5.74,49.3,0
South,2.14,12.1,1
West,5.85,51.9,0
South,1.05,5.9,1
East,6.13,42.7,0
North,3.74,24.8,1
North,2.43,13.0,1
North,2.22,17.8,1
South,3.31,26.8,1
South,6.99,59.3,0
North,1.93,15.9,1
South,1.17,10.6,1
Central,4.3,28.9,0
Central,3.68,16.5,2
South,3.91,13.4,2
North,4.84,42.6,0
South,2.24,20.2,1
South,6.42,29.7,2
South,3.33,22.2,1
East,1.34,13.2,1
Central,5.32,32.0,0
West,4.68,20.5,2
West,2.55,8.2,1
East,4.54,41.5,0
South,1.93,10.6,1
East,3.39,30.0,1
East,6.35,27.1,2
North,1.37,7.6,1
Central,3.01,24.4,1
West,5.84,46.8,0
South,6.8,54.7,0
West,3.45,10.4,2
West,3.8,31.2,0
Central,4.22,23.1,0
West,6.56,55.4,0
West,6.08,30.2,2
East,1.61,13.9,1
Central,3.34,10.9,2
North,3.52,14.4,2
South,5.63,37.8,0
West,4.42,28.1,0
South,4.75,40.8,0
North,6.99,28.8,2
South,0.99,4.4,1
North,1.95,12.6,1
East,3.15,19.9,1
West,2.76,26.9,1
North,0.64,3.0,1
South,1.1,6.8,1
West,4.93,43.7,0
East,6.22,26.6,2
West,3.84,17.8,2
North,4.0,20.0,1
East,2.16,21.6,1
South,5.49,29.5,0
East,5.39,48.2,0
East,4.32,20.5,2
Central,1.88,15.9,1
East,1.13,10.1,1
East,0.92,7.6,1
West,4.35,38.2,0
South,5.86,49.0,0
West,6.08,34.8,0
West,3.51,30.7,0
North,5.6,55.9,0
West,6.65,33.2,2
Central,2.29,18.8,1
Central,3.09,13.8,1
North,6.55,33.4,0
South,2.7,13.7,1
South,6.44,52.9,0
West,6.88,47.7,0
West,4.8,47.4,0
West,5.81,31.3,0
South,5.37,44.7,0
East,5.05,42.8,0
Central,2.5,10.1,1
East,0.87,3.6,1
East,2.73,9.4,1
South,4.84,21.8,2
East,1.17,10.1,1
North,0.58,4.0,1
West,1.41,13.1,1
North,5.15,19.9,2
Central,6.82,31.2,2
West,6.89,45.7,0
East,3.71,13.3,2
Central,6.15,53.4,0
West,5.29,52.2,0
East,3.76,31.3,0
North,4.22,34.1,0
West,1.39,12.4,1
East,6.59,43.5,0
North,2.79,26.6,1
Central,3.4,16.5,2
Central,4.87,19.8,2
Central,2.67,8.5,1
Central,2.15,9.0,1
South,4.6,30.2,0
West,0.66,2.1,1
West,5.18,27.7,0
South,3.84,11.6,2
East,4.44,27.5,0
East,4.61,31.2,0
Central,3.93,24.9,0
North,4.29,21.3,2
East,4.94,25.3,0
North,5.4,53.0,0
West,5.23,50.4,0
North,6.15,22.3,2
West,1.73,17.2,1
South,3.11,26.7,1
South,6.66,65.1,0
Central,3.08,14.7,1
East,1.31,5.9,1
Central,3.92,35.8,0
West,1.21,3.9,1
Central,1.82,11.0,1
North,6.99,60.9,0
West,4.02,18.4,2
South,2.35,10.6,1
East,6.97,68.5,0
West,6.78,20.5,2
West,3.36,32.3,0
North,2.19,10.7,1
East,5.95,39.1,0
South,5.15,42.5,0
West,4.97,25.7,0
West,6.31,50.7,0
North,4.98,21.2,2
Central,2.34,14.6,1
South,5.01,24.9,2
East,2.49,21.9,1
West,5.44,47.1,0
West,4.53,41.9,0
South,1.0,9.7,1
Central,3.83,37.8,0
West,2.73,18.0,1
South,2.64,23.4,1
North,4.41,18.8,2
Central,2.6,17.5,1
East,5.55,22.1,2
West,0.96,8.1,1
South,4.79,16.0,2
North,5.76,28.8,0
East,4.87,31.3,0
South,3.73,19.5,1
South,6.68,23.3,2
East,2.45,13.7,1
North,0.62,2.6,1
North,3.31,29.1,1
Central,0.71,6.6,1
West,6.7,20.8,2
East,1.86,9.8,1
East,5.63,22.5,2
East,5.53,20.3,2
North,1.92,6.9,1
West,4.54,36.9,0
Central,0.81,3.9,1
South,3.64,34.2,0
South,0.6,1.9,1
East,6.49,52.8,0
West,6.84,33.9,2
North,1.94,8.5,1
West,1.85,10.8,1
West,5.4,34.6,0
North,2.15,9.7,1
East,6.32,28.8,2
West,4.23,16.7,2
South,2.78,10.7,1
North,5.91,29.7,0
Central,3.71,36.6,0
East,6.43,27.0,2
North,6.53,35.3,0
Central,1.58,7.6,1
Central,0.52,2.5,1
West,6.9,68.9,0
West,6.39,30.3,2
West,0.86,4.3,1
North,5.91,50.2,0
North,3.48,33.7,0
East,2.18,21.0,1
West,6.21,52.5,0
Central,1.78,9.3,1
South,6.66,46.3,0
East,1.84,10.3,1
North,4.49,21.3,2
East,1.95,15.6,1
East,4.05,32.6,0
East,4.95,29.4,0
East,1.74,6.1,1
South,3.89,17.0,2
West,3.55,14.7,2
Central,0.96,4.9,1
East,5.82,19.4,2
East,2.68,10.1,1
East,4.23,14.3,2
West,3.85,36.9,0
North,3.84,22.4,1
North,1.2,9.8,1
South,3.25,29.1,1
North,3.44,17.8,1
East,5.27,43.5,0
East,5.96,20.7,2
East,4.04,19.1,2
South,1.06,5.1,1
East,2.04,9.5,1
North,1.57,8.9,1
West,1.31,11.2,1
West,2.88,26.2,1
Central,1.99,8.8,1
North,1.92,9.6,1
East,0.86,7.1,1
West,0.61,3.1,1
North,1.17,11.0,1
West,1.62,7.6,1
East,3.3,15.5,2
West,3.82,24.3,1
Central,1.41,14.0,1
Central,3.26,19.6,1
West,2.72,18.6,1
North,1.69,8.3,1
North,0.54,5.2,1
North,3.54,12.8,2
West,4.96,41.6,0
North,1.97,8.1,1
East,1.36,5.3,1
Central,6.27,61.2,0
East,2.29,18.8,1
North,1.95,6.9,1
East,6.07,57.7,0
North,5.81,18.5,2
West,3.41,29.5,1
East,3.68,13.9,2
West,1.92,8.2,1
West,1.01,3.3,1
South,4.23,28.4,0
North,1.14,10.1,1
Central,3.42,16.5,2
North,6.61,39.2,0
Central,6.69,23.8,2
North,2.06,10.9,1
West,4.56,13.7,2
East,3.58,14.6,2
East,6.19,32.3,0
South,2.26,13.1,1
Central,0.52,4.8,1
Central,1.56,13.3,1
Central,2.77,14.8,1
West,2.55,24.4,1
Central,5.64,38.9,0
East,4.92,40.3,0
West,2.45,8.1,1
North,3.48,34.5,0
Central,1.12,3.4,1
Central,6.34,31.4,2
North,6.58,52.7,0
Central,6.87,46.4,0
North,6.15,22.2,2
West,1.63,7.9,1
East,0.8,6.9,1
North,4.27,26.9,0
South,6.43,33.2,0
North,1.65,14.0,1
Central,0.55,3.6,1
West,5.74,52.0,0
West,1.0,9.9,1
North,3.19,28.3,1
East,4.91,23.3,2
South,2.04,8.0,1
West,1.05,5.2,1
Central,5.51,54.7,0
Central,4.6,16.8,2
East,6.93,33.1,2
West,2.74,12.9,1
North,0.9,7.6,1
Central,5.27,48.7,0
East,3.89,31.7,0
West,1.89,8.8,1
West,5.58,29.8,0
West,1.82,5.7,1
West,2.19,8.3,1
West,1.1,10.1,1
Central,3.1,30.1,1
East,3.22,15.9,2
West,3.84,14.9,2
South,5.11,26.2,0
South,6.39,41.5,0
East,1.4,12.8,1
North,0.85,5.0,1
North,0.62,3.5,1
North,1.43,12.9,1
South,4.78,27.1,0
North,5.23,23.6,2
Central,5.61,34.2,0
West,2.08,20.3,1
South,2.49,10.2,1
East,3.64,19.9,1
East,0.91,4.3,1
West,4.47,18.4,2
South,6.89,37.3,0
North,2.85,17.8,1
North,5.39,47.0,0
Central,3.75,36.3,0
Central,1.33,5.2,1
North,4.28,40.5,0
East,2.45,7.8,1
East,0.72,2.7,1
Central,4.63,46.1,0
West,6.08,58.5,0
North,2.74,22.8,1
Central,3.04,16.9,1
Central,6.29,23.0,2
North,5.79,24.9,2
North,5.15,23.2,2
East,2.12,20.1,1
West,6.42,57.9,0
West,1.5,14.4,1
North,4.57,40.6,0
South,0.69,5.7,1
Central,4.68,28.7,0
Central,2.3,22.8,1
North,3.42,15.7,2
South,2.74,25.1,1
East,1.62,7.0,1
North,4.54,44.8,0
North,6.23,55.2,0
Central,6.73,24.7,2
North,1.75,8.7,1
North,5.16,24.4,2
North,4.82,17.6,2
Central,2.73,16.2,1
East,0.62,2.4,1
East,4.98,41.3,0
North,6.65,65.9,0
Central,4.61,26.8,0
East,3.33,15.8,2
East,3.91,32.8,0
East,1.8,11.0,1
Central,5.38,43.3,0
Central,5.35,34.9,0
North,1.45,8.9,1
West,6.21,26.4,2
East,2.25,11.5,1
West,6.88,57.9,0
Central,2.99,24.4,1
Central,1.66,5.9,1
Central,2.79,11.9,1
West,3.36,20.6,1
Central,0.95,4.0,1
North,4.26,38.8,0
Central,4.38,37.4,0
South,5.3,18.5,2
West,0.69,2.3,1
South,4.02,18.9,2
Central,0.84,5.2,1
North,5.06,27.2,0
East,0.86,7.2,1
Central,6.43,43.4,0
North,5.06,32.8,0
West,3.8,24.0,1
South,3.37,19.6,1
South,1.35,11.5,1
South,2.39,11.9,1
West,6.15,59.0,0
North,6.38,35.8,0
West,0.5,2.3,1
South,4.36,19.7,2
Central,5.18,18.6,2
East,4.52,40.0,0
West,1.03,3.5,1
West,1.92,15.8,1
North,2.13,20.1,1
North,5.91,32.7,0
West,3.51,23.3,1
South,3.66,18.3,2
East,6.58,20.7,2
North,4.64,27.6,0
South,6.34,60.9,0
Central,3.47,33.2,0
North,1.47,9.6,1
South,6.54,56.9,0
South,3.48,20.6,1
East,1.68,10.4,1
East,2.47,12.2,1
Central,0.83,3.0,1
South,3.54,24.2,1
South,6.05,21.4,2
East,6.57,45.8,0
North,6.56,61.3,0
North,1.31,11.7,1
West,2.98,27.5,1
East,0.68,5.8,1
West,6.06,33.6,0
East,2.83,23.3,1
Central,4.6,37.8,0
South,5.15,44.8,0
Central,3.29,31.3,0
East,2.49,15.5,1
South,6.75,55.4,0
North,6.77,31.8,2
North,2.38,10.0,1
West,3.62,17.8,2
East,6.82,29.6,2
East,0.53,1.8,1
North,3.18,12.6,1
Central,1.15,7.2,1
South,3.81,11.6,2
Central,0.66,5.3,1
Central,3.14,10.2,1
North,1.93,10.6,1
North,3.97,15.3,2
North,6.97,62.6,0
West,5.7,47.2,0
Central,6.0,38.1,0
East,4.63,28.7,0
South,0.77,4.3,1
West,1.84,9.3,1
East,6.51,20.5,2
Central,2.88,10.9,1
North,1.17,9.7,1
Central,5.07,29.2,0
South,2.45,15.3,1
West,2.25,9.2,1
West,6.99,38.2,0
South,6.08,52.8,0
East,3.15,29.1,1
East,6.87,46.2,0
West,4.73,45.0,0
West,5.32,48.4,0
North,0.7,2.6,1
East,1.29,11.3,1
South,4.62,31.2,0
East,6.34,32.2,0
North,4.55,45.4,0
West,1.37,8.7,1
West,1.25,5.5,1
North,5.99,48.4,0
South,1.41,13.0,1
West,3.88,34.8,0
Central,0.74,3.9,1
West,1.02,5.7,1
Central,4.87,47.6,0
North,4.98,30.4,0
North,2.72,15.8,1
West,1.9,15.5,1
East,5.79,54.6,0
Central,1.91,12.2,1
South,4.02,37.1,0
West,6.79,61.2,0
South,1.46,12.9,1
West,6.62,60.8,0
East,1.69,9.2,1
East,4.19,41.4,0
East,2.95,12.3,1
East,6.77,58.4,0
North,2.28,8.9,1
North,3.1,29.8,1
Central,6.89,22.9,2
South,3.99,14.3,2
West,3.77,35.3,0
West,2.18,18.8,1
North,5.06,48.5,0
West,0.59,1.9,1
North,0.82,5.4,1
Central,4.4,22.6,0
South,2.72,21.8,1
Central,6.7,45.5,0
East,6.37,39.3,0
East,5.14,44.7,0
East,5.82,20.2,2
Central,4.84,44.7,0
West,1.32,7.9,1
South,5.48,27.3,2
East,1.87,13.0,1
East,2.6,11.1,1
East,5.83,34.3,0
South,3.99,35.8,0
East,6.09,38.8,0
South,1.88,9.8,1
East,4.45,16.3,2
Central,1.04,5.4,1
Central,4.68,38.1,0
South,5.46,45.8,0
Central,4.3,38.6,0
South,2.23,10.2,1
Central,0.7,2.8,1
Central,1.28,7.3,1
South,4.54,23.4,0
West,6.57,40.1,0
Central,1.84,6.5,1
East,5.28,22.3,2
West,6.13,42.6,0
South,3.89,12.5,2
West,4.85,16.6,2
North,5.8,51.9,0
North,2.19,21.8,1
Central,2.43,15.9,1
Central,0.5,3.4,1
East,6.76,58.6,0
West,6.46,32.2,2
North,5.47,28.5,0
Central,1.01,5.2,1
West,3.41,22.9,1
Central,1.16,5.6,1
Central,0.6,4.9,1
North,4.51,23.6,0
North,6.75,54.4,0
Central,6.37,52.3,0
South,5.03,17.2,2
Central,1.13,5.6,1
Central,2.28,9.9,1
East,2.58,11.8,1
East,5.46,24.9,2
East,5.71,23.2,2
South,3.0,19.8,1
South,3.22,29.6,1
Central,0.79,2.9,1
East,2.38,14.6,1
South,3.43,31.1,0
North,1.26,5.9,1
Central,3.45,17.1,2
West,6.05,35.2,0
Central,4.28,40.8,0
West,1.01,3.2,1
East,1.75,16.7,1
West,3.58,20.6,1
East,2.85,8.8,1
North,2.83,24.7,1
West,3.94,24.5,0
Central,4.3,22.5,0
East,5.68,27.5,2
Central,2.72,22.2,1
South,5.74,27.9,2
East,2.7,11.9,1
West,0.86,7.4,1
East,4.1,36.0,0
Central,4.32,41.0,0
North,6.57,40.8,0
East,5.22,33.1,0
West,6.47,56.8,0
South,6.4,38.2,0
North,4.43,22.1,2
South,3.93,33.1,0
East,4.12,15.8,2
Central,6.86,58.9,0
Central,5.53,25.1,2
West,1.19,11.3,1
Central,5.56,19.9,2
North,1.61,13.1,1
Central,3.41,27.4,1
West,1.87,10.9,1
East,4.98,19.0,2
East,6.2,43.3,0
Central,2.39,9.4,1
South,1.03,5.7,1
East,2.44,23.9,1
Central,4.87,29.1,0
West,2.64,16.4,1
Central,2.31,18.9,1
East,1.7,9.8,1
West,3.73,36.9,0
Central,2.29,9.6,1
North,5.25,29.9,0
West,1.0,9.3,1
North,4.82,47.3,0
South,2.04,11.3,1
West,3.68,14.8,2
North,2.36,16.3,1
East,5.2,43.4,0
East,6.64,29.5,2
South,6.46,40.2,0
West,4.29,40.2,0
West,3.51,20.0,1
West,5.82,21.1,2
South,4.94,21.6,2
West,1.69,5.8,1
East,5.84,22.4,2
North,3.29,11.1,2
East,1.73,8.7,1
East,2.33,11.5,1
North,2.24,8.7,1
East,3.87,38.5,0
South,2.02,6.6,1
North,1.3,11.9,1
East,1.3,10.9,1
Central,4.29,41.1,0
East,5.28,34.7,0
South,2.59,13.5,1
West,0.73,7.2,1
East,1.33,7.2,1
West,6.45,27.3,2
Central,3.71,25.9,0
East,3.45,16.4,2
North,0.75,3.7,1
West,5.24,29.8,0
Central,3.93,20.5,1
North,1.81,15.2,1
North,1.22,7.3,1
North,2.99,19.7,1
North,5.94,31.5,0
East,6.12,26.4,2
East,4.42,16.1,2
East,5.23,19.3,2
Central,1.25,11.7,1
Central,4.32,38.6,0
Central,4.84,46.6,0
South,1.8,6.0,1
Central,6.22,40.9,0
East,1.77,14.4,1
East,2.54,21.3,1
South,4.53,19.5,2
South,4.65,45.2,0
Central,5.05,27.8,0
West,1.23,4.5,1
South,6.02,24.5,2
North,3.96,21.5,1
East,3.56,23.6,1
North,6.88,45.0,0
East,5.31,44.0,0
East,1.27,7.5,1
South,5.42,24.7,2
South,1.12,6.4,1
North,0.68,2.9,1
East,3.12,9.7,1
North,6.96,64.2,0
West,1.64,8.7,1
North,4.87,47.0,0
Central,1.63,9.3,1
North,5.21,29.0,0
Central,3.78,25.3,0
Central,4.92,25.1,0
Central,1.82,10.5,1
West,5.35,20.0,2
North,6.97,24.9,2
North,4.83,33.0,0
West,3.71,16.7,2
East,6.5,52.8,0
South,0.6,5.7,1
North,5.24,47.4,0
South,6.28,42.7,0
West,0.9,5.1,1
East,3.43,14.2,2
East,1.83,7.3,1
East,4.18,16.6,2
West,4.72,42.1,0
Central,2.47,20.8,1
Central,3.49,33.2,0
South,2.32,20.7,1
Central,2.9,14.3,1
Central,1.54,8.5,1
East,6.26,39.8,0
East,0.57,5.6,1
South,6.24,39.5,0
North,4.22,28.5,0
South,2.66,17.7,1
South,5.2,45.3,0
West,3.8,16.0,2
West,3.74,12.4,2
South,1.22,7.4,1
South,3.03,10.5,1
South,2.07,9.3,1
Central,0.6,5.4,1
West,2.84,25.1,1
South,1.08,6.0,1
East,2.17,15.2,1
East,1.1,5.7,1
Central,1.16,9.4,1
Central,1.79,6.1,1
North,7.0,69.6,0
North,0.51,5.1,1
North,4.65,20.0,2
Central,1.42,6.8,1
Central,6.48,35.2,0
Central,1.11,5.5,1
East,6.71,22.0,2
Central,4.47,14.3,2
East,0.51,1.6,1
North,6.31,38.8,0
North,3.89,25.5,0
North,2.21,8.3,1
South,5.49,27.2,2
South,6.52,38.3,0
West,3.64,19.3,1
West,2.55,10.0,1
West,5.63,52.7,0
South,4.93,32.9,0
South,6.28,37.2,0
West,5.0,30.9,0
West,2.08,7.4,1
Central,6.56,28.2,2
West,1.18,8.2,1
Central,2.24,6.9,1
East,3.88,18.5,2
South,4.18,25.6,0
West,0.6,2.1,1
South,5.57,55.2,0
South,2.85,11.3,1
South,3.14,11.5,1
East,5.76,30.9,0
North,2.97,16.3,1
West,0.81,7.8,1
North,1.65,7.0,1
North,6.71,65.9,0
North,0.96,8.1,1
South,2.81,14.7,1
Central,3.77,11.4,2
South,3.71,22.3,1
South,0.53,5.3,1
North,3.76,35.3,0
South,2.99,16.8,1
North,6.82,46.1,0
Central,1.53,10.0,1
West,2.8,14.1,1
North,3.23,21.4,1
Central,3.04,26.1,1
West,4.83,25.6,0
East,1.9,6.6,1
North,1.94,17.3,1
North,5.24,46.4,0
East,3.75,13.4,2
East,3.2,10.7,1
North,1.6,15.2,1
East,1.72,12.0,1
South,0.57,5.4,1
West,1.09,9.4,1
West,4.12,14.4,2
West,6.3,53.1,0
South,2.37,12.5,1
East,2.63,10.8,1
Central,1.25,11.5,1
East,3.03,28.5,1
North,0.74,4.7,1
West,6.46,55.5,0
East,4.88,42.3,0
Central,6.94,65.0,0
North,6.24,54.3,0
South,3.57,19.4,1
South,3.88,33.9,0
Central,1.74,14.9,1
North,3.5,28.6,1
West,6.37,29.7,2
East,0.83,5.6,1
North,6.11,21.0,2
South,2.72,8.5,1
Central,6.35,41.1,0
Central,6.62,22.7,2
East,4.86,18.4,2
Central,4.82,15.1,2
Central,3.44,18.8,1
North,5.93,56.8,0
West,6.75,44.6,0
East,5.54,30.0,0
North,4.54,25.8,0
West,4.44,14.5,2
North,6.02,49.1,0
North,4.02,28.1,0
Central,5.73,36.2,0
West,3.81,34.6,0
East,0.91,8.7,1
East,3.0,29.0,1
West,3.39,15.6,2
Central,1.42,11.4,1
South,1.17,3.9,1
North,3.98,25.1,0
Central,1.05,3.9,1
West,2.47,24.6,1
North,5.34,23.1,2
East,6.77,67.1,0
South,5.17,17.6,2
East,6.95,46.8,0
West,5.04,18.4,2
North,2.41,16.8,1
West,4.87,40.5,0
North,5.06,30.5,0
Central,2.92,28.0,1
South,0.62,5.5,1
Central,5.07,30.1,0
Central,0.64,4.5,1
West,4.6,17.7,2
South,1.56,6.6,1
North,4.18,21.4,1
North,3.78,25.3,0
East,0.59,3.7,1
North,2.86,16.6,1
West,4.41,35.4,0
Central,6.02,37.2,0
Central,6.28,31.6,0
Central,3.65,18.3,1
South,5.23,32.6,0
North,2.56,21.4,1
West,2.72,9.2,1
South,1.76,7.6,1
East,4.15,12.9,2
West,2.54,9.2,1
West,1.05,3.5,1
West,4.95,45.3,0
Central,5.1,22.1,2
West,2.84,26.8,1
North,1.0,8.5,1
West,3.27,10.4,2
Central,3.38,10.7,2
West,4.85,18.7,2
East,2.55,17.6,1
East,4.94,41.7,0
Central,6.16,21.6,2
North,2.04,10.6,1
North,6.86,63.2,0
South,3.01,19.1,1
Central,2.24,14.1,1
West,3.24,15.3,2
Central,1.11,10.0,1
South,1.32,7.0,1
Central,3.19,27.4,1
Central,5.46,23.6,2
South,6.35,58.6,0
North,4.82,29.2,0
West,1.18,7.5,1
South,4.87,45.2,0
East,4.63,31.3,0
North,5.74,35.4,0
East,5.86,38.4,0
North,6.14,21.5,2
West,3.19,13.9,2
West,5.04,34.3,0
Central,2.24,19.6,1
East,7.0,31.9,2
North,1.64,15.5,1
West,0.57,2.9,1
South,1.47,9.1,1
West,5.54,45.8,0
South,3.4,16.8,2
North,3.41,32.8,0
West,6.71,55.2,0
West,6.48,34.0,0
North,2.52,10.6,1
West,1.86,16.2,1
South,6.02,18.5,2
West,6.39,38.9,0
East,4.02,15.2,2
Central,4.59,23.9,0
South,2.17,10.0,1
East,5.71,56.1,0
North,4.61,30.0,0
South,3.77,36.4,0
Central,0.89,4.8,1
Central,6.45,22.8,2
North,4.5,15.4,2
North,1.75,11.4,1
South,4.44,30.6,0
West,4.9,31.5,0
North,3.92,18.7,2
West,5.17,32.5,0
East,4.28,24.7,0
Central,6.66,59.0,0
West,0.85,4.4,1
Central,1.19,9.6,1
West,1.63,15.3,1
East,4.99,44.3,0
North,4.7,19.3,2
East,6.3,57.4,0
North,5.26,29.2,0
North,3.8,15.0,2
Central,6.95,27.4,2
East,2.23,8.4,1
West,5.92,27.5,2
East,3.27,12.8,2
Central,4.72,19.9,2
North,5.23,25.1,2
Central,4.62,45.0,0
South,1.41,9.6,1
South,3.38,18.7,1
West,4.15,33.5,0
Central,6.02,51.3,0
West,3.38,12.0,2
West,6.47,31.2,2
South,3.36,31.2,0
West,4.07,12.9,2
South,5.68,29.9,0
North,4.29,22.8,0
Central,6.74,28.7,2
West,4.79,21.4,2
South,3.9,18.4,2
East,0.65,4.5,1
West,3.19,10.9,1
North,2.45,21.1,1
North,5.36,18.7,2
East,1.85,16.1,1
South,1.83,8.8,1
West,1.73,7.2,1
South,1.32,8.5,1
North,2.52,22.6,1
South,6.26,50.4,0
North,5.54,45.0,0
South,5.28,32.1,0
East,5.68,53.6,0
Central,2.25,12.2,1
East,6.27,27.9,2
East,1.39,6.4,1
Central,2.69,23.7,1
Central,4.31,19.4,2
West,1.17,4.5,1
West,5.25,49.1,0
East,3.02,13.7,1
East,5.6,55.9,0
North,3.7,32.2,0
North,1.68,6.4,1
West,5.28,17.6,2
West,2.14,7.3,1
North,3.69,16.2,2
North,0.99,4.8,1
South,4.52,26.2,0
South,4.83,16.2,2
North,2.96,16.5,1
South,6.7,59.7,0
Central,6.18,22.1,2
West,5.1,17.7,2
West,5.14,23.0,2
North,2.14,17.2,1
East,4.77,29.0,0
North,1.79,11.8,1
South,1.44,5.1,1
East,7.0,29.4,2
South,4.55,19.7,2
Central,3.3,14.2,2
South,2.37,21.1,1
Central,4.43,16.4,2
Central,0.82,7.9,1
South,1.12,5.1,1
South,0.71,4.0,1
Central,3.74,19.5,1
East,4.4,13.8,2
Central,0.91,2.9,1
West,5.19,47.6,0
Central,2.0,6.2,1
East,4.95,18.2,2
West,6.88,31.0,2
North,4.99,27.9,0
North,6.24,59.4,0
East,6.66,43.2,0
Central,3.66,31.1,0
South,5.07,32.7,0
East,6.04,27.2,2
West,2.82,16.3,1
West,2.2,11.9,1
North,6.65,60.1,0
West,5.22,51.4,0
East,1.93,12.1,1
West,3.42,28.5,1
East,5.68,53.2,0
South,4.06,35.9,0
North,4.72,43.3,0
West,5.4,51.1,0
East,4.54,27.4,0
Central,4.01,38.6,0
North,5.37,23.9,2
South,5.23,32.6,0
East,4.59,24.3,0
South,2.84,18.9,1
South,3.14,31.0,1
West,6.81,22.3,2
West,1.23,11.0,1
East,2.25,12.4,1
Central,3.7,24.1,1
East,5.94,38.3,0
Central,1.56,8.2,1
South,2.3,22.4,1
North,0.93,3.1,1
East,5.09,23.4,2
East,2.05,12.1,1
Central,3.03,11.1,1
South,3.38,18.0,1
South,6.29,33.6,0
Central,3.17,13.7,1
South,1.44,8.8,1
West,3.91,12.7,2
North,6.76,35.3,0
East,4.45,14.0,2
North,6.89,44.7,0
East,5.97,26.4,2
West,0.73,3.7,1
South,4.78,29.3,0
Central,2.36,12.2,1
West,4.14,19.9,2
North,2.32,22.8,1
Central,2.77,17.7,1
South,6.5,44.5,0
West,1.84,8.5,1
Central,6.18,41.1,0
West,0.7,4.3,1
West,1.09,6.1,1
South,6.06,32.9,0
East,4.6,39.8,0
Central,5.36,49.6,0
South,1.86,9.9,1
West,3.99,22.0,1
South,5.29,31.4,0
East,4.58,38.8,0
Central,3.57,32.8,0
East,6.74,32.7,2
North,4.9,22.0,2
Central,6.4,40.5,0
East,5.24,32.3,0
West,5.28,47.4,0
Central,1.02,5.5,1
Central,2.84,19.3,1
South,6.08,51.7,0
West,2.01,16.4,1
North,1.25,11.9,1
East,2.62,21.9,1
South,1.93,7.2,1
East,6.51,52.4,0
North,6.14,50.8,0
North,3.75,20.0,1
Central,0.9,4.6,1
North,5.14,32.5,0
East,4.55,21.3,2
West,6.81,59.6,0
West,4.13,40.3,0
Central,2.69,9.2,1
East,3.87,33.5,0
East,6.87,36.4,0
North,5.03,21.3,2
East,4.87,43.0,0
South,2.06,8.7,1
North,5.33,24.1,2
South,5.38,48.9,0
Central,2.56,16.0,1
West,3.64,35.9,0
Central,2.41,20.7,1
West,2.18,12.5,1
Central,0.67,6.3,1
East,2.35,21.7,1
South,4.1,34.3,0
West,0.51,1.9,1
North,2.34,9.2,1
South,6.23,23.9,2
North,4.36,36.4,0
South,4.45,30.5,0
South,3.12,14.1,1
Central,4.9,29.2,0
West,1.73,16.2,1
West,5.82,27.9,2
South,1.26,10.4,1
East,4.76,26.2,0
East,2.72,11.1,1
North,5.36,24.6,2
North,4.07,12.5,2
Central,3.44,17.1,2
South,1.6,9.5,1
North,4.64,17.3,2
North,6.84,58.7,0
South,5.87,19.7,2
Central,0.89,5.9,1
North,2.95,14.5,1
Central,6.52,38.0,0
West,3.77,26.0,0
Central,4.8,46.3,0
East,6.43,25.5,2
East,6.18,26.9,2
Central,3.76,14.6,2
East,3.34,30.5,0
West,2.71,22.0,1
South,5.17,33.0,0
East,2.37,12.1,1
East,2.12,14.1,1
Central,2.82,27.2,1
West,1.65,14.0,1
South,5.02,43.4,0
Central,4.51,26.9,0
Central,3.64,33.5,0
West,3.04,16.9,1
South,6.41,39.6,0
West,0.69,2.5,1
South,5.5,17.1,2
West,6.36,19.1,2
Central,3.4,17.7,1
Central,4.08,18.7,2
North,6.64,32.7,2
East,1.88,7.2,1
West,3.88,35.0,0
North,3.59,19.0,1
East,2.18,8.9,1
West,5.82,48.2,0
South,6.35,58.6,0
East,5.58,55.1,0
Central,1.77,6.0,1
North,1.06,10.1,1
East,4.44,22.4,0
East,0.87,7.6,1
Central,4.87,40.0,0
West,3.95,34.4,0
South,4.81,40.1,0
Central,4.34,24.9,0
South,3.25,12.5,2
West,1.81,10.1,1
East,2.49,15.7,1
South,3.91,18.9,2
North,4.74,41.7,0
North,5.57,18.9,2
Central,5.49,19.4,2
West,6.82,45.7,0
Central,2.36,9.8,1
Central,0.96,8.6,1
Central,2.75,14.6,1
North,5.33,47.4,0
North,3.35,18.6,1
Central,5.82,57.5,0
North,4.07,19.4,2
West,6.54,20.7,2
Central,6.66,26.9,2
North,0.95,8.0,1
South,3.47,20.2,1
Central,4.46,30.1,0
Central,2.16,13.1,1
West,3.15,11.6,1
East,4.9,41.2,0
East,1.97,13.0,1
West,4.41,40.8,0
West,5.03,29.9,0
West,1.09,3.7,1
East,3.73,32.3,0
West,2.21,15.3,1
North,5.21,31.5,0
Central,1.73,10.0,1
Central,6.3,38.1,0
South,3.3,15.0,2
South,1.79,10.2,1
Central,3.35,17.9,1
North,3.16,13.2,1
East,3.29,20.8,1
East,4.31,40.6,0
North,3.89,38.0,0
East,1.47,8.4,1
West,0.93,2.9,1
Central,5.24,25.8,2
Central,4.14,16.0,2
North,2.83,17.7,1
East,5.75,36.4,0
South,3.02,27.5,1
South,5.67,19.3,2
East,2.49,16.2,1
South,0.97,6.4,1
North,6.56,40.1,0
North,3.06,12.2,1
East,5.65,18.2,2
South,2.31,18.9,1
North,4.7,17.3,2
North,6.18,34.7,0
West,0.77,7.6,1
